bioinformatics_id,popmap_adjusted,region,year,adult_yoy,species,subregion,project,latitude,longitude,H1_coast_noncoast,H2_Aufeis_above_below_coast,H3_WShd_up_down_lower,min_dist,max_dist,H3_JulyAug_Temp_Ave,H3_JulyAug_Temp_Med,H3_JulyAug_Temp_Min,H3_JulyAug_Temp_Max,H3_JulyAug_Temp_Var,RASTERVALU
Golden1A01,IMlow,Colville,2016,yoy,AG,Itk,LandscapeGenomics,68.59256,-149.73114,noncoast,below,down,,,8.458291331,8.125,1.125,15.75,7.647271623,679.753479
Golden1A10,Kup2,Kuparuk,2013,yoy,AG,Kup,LandscapeGenomics,68.54027,-149.282667,noncoast,above,up,,,7.96922043,7.625,1.75,17.375,6.385045922,862.2227173
Golden1A11,Kup2,Kuparuk,2013,yoy,AG,Kup,LandscapeGenomics,68.54114,-149.285513,noncoast,above,up,,,7.96922043,7.625,1.75,17.375,6.385045922,861.8947754
Golden1A12,Kup6,Kuparuk,2013,yoy,AG,Kup,LandscapeGenomics,68.766113,-149.554721,noncoast,above,down,,,7.726666667,7.375,0.5,18.5,9.492294216,593.770813
Golden1A02,IMup,Colville,2015,yoy,AG,Itk,LandscapeGenomics,68.586878,-149.722825,noncoast,above,up,,,9.29469086,9,2,16,7.116192372,689.0672607
Golden1A03,IMlow,Colville,2016,yoy,AG,Itk,LandscapeGenomics,68.62204,-149.77617,noncoast,below,down,,,8.458291331,8.125,1.125,15.75,7.647271623,622.897644
Golden1A04,IMlow,Colville,2016,yoy,AG,Itk,LandscapeGenomics,68.60555,-149.7361,noncoast,below,down,,,8.458291331,8.125,1.125,15.75,7.647271623,650.1299438
Golden1A05,Itk3,Colville,2017,yoy,AG,Itk,LandscapeGenomics,68.93901,-150.12854,coast,coast,lower,,,NA,NA,NA,NA,NA,365.8129578
Golden1A06,Itk4,Colville,2017,yoy,AG,Itk,LandscapeGenomics,69.45316,-150.70602,coast,coast,lower,,,NA,NA,NA,NA,NA,103.9908524
Golden1A07,Itk4,Colville,2017,yoy,AG,Itk,LandscapeGenomics,69.45268,-150.71251,coast,coast,lower,,,NA,NA,NA,NA,NA,103.1355362
Golden1A08,Itk4.5,Colville,2017,yoy,AG,Itk,LandscapeGenomics,69.93462,-150.85193,coast,coast,lower,,,NA,NA,NA,NA,NA,21.8097401
Golden1A09,KLAS5,Kuparuk,2016,yoy,AG,Kup,LandscapeGenomics,68.9649,-149.70151,noncoast,above,down,,,7.726666667,7.375,0.5,18.5,9.492294216,418.1027527
Golden1B01,IMlow,Colville,2016,yoy,AG,Itk,LandscapeGenomics,68.59193,-149.72536,noncoast,below,down,,,8.458291331,8.125,1.125,15.75,7.647271623,679.9437866
Golden1B10,Kup2,Kuparuk,2013,yoy,AG,Kup,LandscapeGenomics,68.540525,-149.282397,noncoast,above,up,,,7.96922043,7.625,1.75,17.375,6.385045922,862.2227173
Golden1B11,Kup2,Kuparuk,2013,yoy,AG,Kup,LandscapeGenomics,68.541314,-149.28663,noncoast,above,up,,,7.96922043,7.625,1.75,17.375,6.385045922,860.0408936
Golden1B12,Kup6,Kuparuk,2013,yoy,AG,Kup,LandscapeGenomics,68.766113,-149.554721,noncoast,above,down,,,7.726666667,7.375,0.5,18.5,9.492294216,593.770813
Golden1B02,IMup,Colville,2015,yoy,AG,Itk,LandscapeGenomics,68.58677,-149.72253,noncoast,above,up,,,9.29469086,9,2,16,7.116192372,687.6196899
Golden1B03,IMlow,Colville,2016,yoy,AG,Itk,LandscapeGenomics,68.62199,-149.77505,noncoast,below,down,,,8.458291331,8.125,1.125,15.75,7.647271623,624.140564
Golden1B04,IMlow,Colville,2016,yoy,AG,Itk,LandscapeGenomics,68.60491,-149.73471,noncoast,below,down,,,8.458291331,8.125,1.125,15.75,7.647271623,651.2384033
Golden1B05,Itk3,Colville,2017,yoy,AG,Itk,LandscapeGenomics,68.93854,-150.13164,coast,coast,lower,,,NA,NA,NA,NA,NA,364.8882446
Golden1B06,Itk4,Colville,2017,yoy,AG,Itk,LandscapeGenomics,69.45325,-150.70831,coast,coast,lower,,,NA,NA,NA,NA,NA,104.0703888
Golden1B07,Itk4,Colville,2017,yoy,AG,Itk,LandscapeGenomics,69.44877,-150.71442,coast,coast,lower,,,NA,NA,NA,NA,NA,104.8548965
Golden1B08,Itk4.5,Colville,2017,yoy,AG,Itk,LandscapeGenomics,69.9356,-150.85579,coast,coast,lower,,,NA,NA,NA,NA,NA,22.5485115
Golden1B09,KLAS5,Kuparuk,2016,yoy,AG,Kup,LandscapeGenomics,68.964611,-149.701186,noncoast,above,down,,,7.726666667,7.375,0.5,18.5,9.492294216,418.1027527
Golden1C01,IMlow,Colville,2016,yoy,AG,Itk,LandscapeGenomics,68.59194,-149.72585,noncoast,below,down,,,8.458291331,8.125,1.125,15.75,7.647271623,679.262085
Golden1C10,Kup2,Kuparuk,2013,yoy,AG,Kup,LandscapeGenomics,68.540657,-149.283094,noncoast,above,up,,,7.96922043,7.625,1.75,17.375,6.385045922,863.3171997
Golden1C11,Kup2,Kuparuk,2014,yoy,AG,Kup,LandscapeGenomics,68.539591,-149.281346,noncoast,above,up,,,7.96922043,7.625,1.75,17.375,6.385045922,862.805603
Golden1C12,Kup6,Kuparuk,2013,yoy,AG,Kup,LandscapeGenomics,68.766113,-149.554721,noncoast,above,down,,,7.726666667,7.375,0.5,18.5,9.492294216,593.770813
Golden1C02,IMup,Colville,2015,yoy,AG,Itk,LandscapeGenomics,68.586303,-149.721571,noncoast,above,up,,,9.29469086,9,2,16,7.116192372,688.15448
Golden1C03,IMlow,Colville,2016,yoy,AG,Itk,LandscapeGenomics,68.6225,-149.77594,noncoast,below,down,,,8.458291331,8.125,1.125,15.75,7.647271623,623.4159546
Golden1C04,IMlow,Colville,2016,yoy,AG,Itk,LandscapeGenomics,68.604453,-149.734594,noncoast,below,down,,,8.458291331,8.125,1.125,15.75,7.647271623,651.2384033
Golden1C05,Itk3,Colville,2017,yoy,AG,Itk,LandscapeGenomics,68.94015,-150.13855,coast,coast,lower,,,NA,NA,NA,NA,NA,364.037323
Golden1C06,Itk4,Colville,2017,yoy,AG,Itk,LandscapeGenomics,69.45026,-150.71449,coast,coast,lower,,,NA,NA,NA,NA,NA,106.1385803
Golden1C07,Itk4,Colville,2017,yoy,AG,Itk,LandscapeGenomics,69.45343,-150.70804,coast,coast,lower,,,NA,NA,NA,NA,NA,103.3136902
Golden1C08,Itk4.5,Colville,2017,yoy,AG,Itk,LandscapeGenomics,69.93507,-150.85228,coast,coast,lower,,,NA,NA,NA,NA,NA,22.1164207
Golden1C09,Kup2,Kuparuk,2013,yoy,AG,Kup,LandscapeGenomics,68.539486,-149.28108,noncoast,above,up,,,7.96922043,7.625,1.75,17.375,6.385045922,864.9524536
Golden1D01,IMlow,Colville,2016,yoy,AG,Itk,LandscapeGenomics,68.59144,-149.72534,noncoast,below,down,,,8.458291331,8.125,1.125,15.75,7.647271623,680.7852173
Golden1D10,Kup2,Kuparuk,2013,yoy,AG,Kup,LandscapeGenomics,68.54077,-149.283598,noncoast,above,up,,,7.96922043,7.625,1.75,17.375,6.385045922,861.4567261
Golden1D11,Kup2,Kuparuk,2014,yoy,AG,Kup,LandscapeGenomics,68.539838,-149.281525,noncoast,above,up,,,7.96922043,7.625,1.75,17.375,6.385045922,862.805603
Golden1D12,Kup6,Kuparuk,2013,yoy,AG,Kup,LandscapeGenomics,68.766113,-149.554721,noncoast,above,down,,,7.726666667,7.375,0.5,18.5,9.492294216,593.770813
Golden1D02,IMlow,Colville,2016,yoy,AG,Itk,LandscapeGenomics,68.62383,-149.77771,noncoast,below,down,,,8.458291331,8.125,1.125,15.75,7.647271623,621.5475464
Golden1D03,IMlow,Colville,2016,yoy,AG,Itk,LandscapeGenomics,68.60576,-149.73741,noncoast,below,down,,,8.458291331,8.125,1.125,15.75,7.647271623,650.9907837
Golden1D04,Itk3,Colville,2017,yoy,AG,Itk,LandscapeGenomics,68.93862,-150.12836,coast,coast,lower,,,NA,NA,NA,NA,NA,365.6178284
Golden1D05,Itk4,Colville,2017,yoy,AG,Itk,LandscapeGenomics,69.45402,-150.71362,coast,coast,lower,,,NA,NA,NA,NA,NA,102.9673843
Golden1D06,Itk4,Colville,2017,yoy,AG,Itk,LandscapeGenomics,69.45257,-150.70667,coast,coast,lower,,,NA,NA,NA,NA,NA,103.5618134
Golden1D07,Itk4,Colville,2017,yoy,AG,Itk,LandscapeGenomics,69.4507,-150.71315,coast,coast,lower,,,NA,NA,NA,NA,NA,103.3652267
Golden1D08,Itk4.5,Colville,2017,yoy,AG,Itk,LandscapeGenomics,69.93478,-150.85817,coast,coast,lower,,,NA,NA,NA,NA,NA,22.4825115
Golden1D09,Kup2,Kuparuk,2013,yoy,AG,Kup,LandscapeGenomics,68.539262,-149.280722,noncoast,above,up,,,7.96922043,7.625,1.75,17.375,6.385045922,864.7548828
Golden1E01,IMlow,Colville,2016,yoy,AG,Itk,LandscapeGenomics,68.59314,-149.73141,noncoast,below,down,,,8.458291331,8.125,1.125,15.75,7.647271623,675.5315552
Golden1E10,Kup2,Kuparuk,2013,yoy,AG,Kup,LandscapeGenomics,68.54096,-149.28419,noncoast,above,up,,,7.96922043,7.625,1.75,17.375,6.385045922,861.8795166
Golden1E11,Kup6,Kuparuk,2013,yoy,AG,Kup,LandscapeGenomics,68.766113,-149.554721,noncoast,above,down,,,7.726666667,7.375,0.5,18.5,9.492294216,593.770813
Golden1E12,Kup6,Kuparuk,2014,yoy,AG,Kup,LandscapeGenomics,68.766113,-149.554721,noncoast,above,down,,,7.726666667,7.375,0.5,18.5,9.492294216,593.770813
Golden1E02,IMlow,Colville,2016,yoy,AG,Itk,LandscapeGenomics,68.62362,-149.77643,noncoast,below,down,,,8.458291331,8.125,1.125,15.75,7.647271623,622.2679443
Golden1E03,IMlow,Colville,2016,yoy,AG,Itk,LandscapeGenomics,68.60623,-149.73811,noncoast,below,down,,,8.458291331,8.125,1.125,15.75,7.647271623,648.833374
Golden1E04,Itk3,Colville,2017,yoy,AG,Itk,LandscapeGenomics,68.939,-150.12973,coast,coast,lower,,,NA,NA,NA,NA,NA,364.8362122
Golden1E05,Itk4,Colville,2017,yoy,AG,Itk,LandscapeGenomics,69.45439,-150.71405,coast,coast,lower,,,NA,NA,NA,NA,NA,103.3933716
Golden1E06,Itk4,Colville,2017,yoy,AG,Itk,LandscapeGenomics,69.4513,-150.71255,coast,coast,lower,,,NA,NA,NA,NA,NA,104.1614685
Golden1E07,Itk4,Colville,2017,yoy,AG,Itk,LandscapeGenomics,69.45206,-150.71223,coast,coast,lower,,,NA,NA,NA,NA,NA,103.3412247
Golden1E08,KLAS5,Kuparuk,2016,yoy,AG,Kup,LandscapeGenomics,68.96534,-149.70133,noncoast,above,down,,,7.726666667,7.375,0.5,18.5,9.492294216,417.3017273
Golden1E09,Kup2,Kuparuk,2013,yoy,AG,Kup,LandscapeGenomics,68.539474,-149.281149,noncoast,above,up,,,7.96922043,7.625,1.75,17.375,6.385045922,862.805603
Golden1F01,IMup,Colville,2015,yoy,AG,Itk,LandscapeGenomics,68.563894,-149.650939,noncoast,above,up,,,9.29469086,9,2,16,7.116192372,758.7904663
Golden1F10,Kup2,Kuparuk,2013,yoy,AG,Kup,LandscapeGenomics,68.541148,-149.284799,noncoast,above,up,,,7.96922043,7.625,1.75,17.375,6.385045922,865.2919312
Golden1F11,Kup6,Kuparuk,2013,yoy,AG,Kup,LandscapeGenomics,68.766113,-149.554721,noncoast,above,down,,,7.726666667,7.375,0.5,18.5,9.492294216,593.770813
Golden1F12,Kup6,Kuparuk,2014,yoy,AG,Kup,LandscapeGenomics,68.766113,-149.554721,noncoast,above,down,,,7.726666667,7.375,0.5,18.5,9.492294216,593.770813
Golden1F02,IMlow,Colville,2016,yoy,AG,Itk,LandscapeGenomics,68.62302,-149.77655,noncoast,below,down,,,8.458291331,8.125,1.125,15.75,7.647271623,623.2983398
Golden1F03,IMlow,Colville,2016,yoy,AG,Itk,LandscapeGenomics,68.60754,-149.73795,noncoast,below,down,,,8.458291331,8.125,1.125,15.75,7.647271623,646.3632202
Golden1F04,Itk3,Colville,2017,yoy,AG,Itk,LandscapeGenomics,68.93885,-150.13402,coast,coast,lower,,,NA,NA,NA,NA,NA,366.1342773
Golden1F05,Itk4,Colville,2017,yoy,AG,Itk,LandscapeGenomics,69.45472,-150.71474,coast,coast,lower,,,NA,NA,NA,NA,NA,102.6819
Golden1F06,Itk4,Colville,2017,yoy,AG,Itk,LandscapeGenomics,69.45274,-150.70538,coast,coast,lower,,,NA,NA,NA,NA,NA,104.6738663
Golden1F07,Itk4.5,Colville,2017,yoy,AG,Itk,LandscapeGenomics,69.93535,-150.85599,coast,coast,lower,,,NA,NA,NA,NA,NA,22.5388317
Golden1F08,KLAS5,Kuparuk,2016,yoy,AG,Kup,LandscapeGenomics,68.96545,-149.702018,noncoast,above,down,,,7.726666667,7.375,0.5,18.5,9.492294216,417.3706665
Golden1F09,Kup2,Kuparuk,2013,yoy,AG,Kup,LandscapeGenomics,68.539667,-149.281602,noncoast,above,up,,,7.96922043,7.625,1.75,17.375,6.385045922,862.805603
Golden1G01,IMup,Colville,2016,yoy,AG,Itk,LandscapeGenomics,68.56351,-149.64786,noncoast,above,up,,,9.29469086,9,2,16,7.116192372,759.0917969
Golden1G10,Kup2,Kuparuk,2013,yoy,AG,Kup,LandscapeGenomics,68.541288,-149.285375,noncoast,above,up,,,7.96922043,7.625,1.75,17.375,6.385045922,861.8947754
Golden1G11,Kup6,Kuparuk,2013,yoy,AG,Kup,LandscapeGenomics,68.766113,-149.554721,noncoast,above,down,,,7.726666667,7.375,0.5,18.5,9.492294216,593.770813
Golden1G12,Kup6,Kuparuk,2014,yoy,AG,Kup,LandscapeGenomics,68.766113,-149.554721,noncoast,above,down,,,7.726666667,7.375,0.5,18.5,9.492294216,593.770813
Golden1G02,IMlow,Colville,2016,yoy,AG,Itk,LandscapeGenomics,68.62131,-149.77341,noncoast,below,down,,,8.458291331,8.125,1.125,15.75,7.647271623,624.7717285
Golden1G03,IMlow,Colville,2016,yoy,AG,Itk,LandscapeGenomics,68.60713,-149.73813,noncoast,below,down,,,8.458291331,8.125,1.125,15.75,7.647271623,647.4945068
Golden1G04,Itk3,Colville,2017,yoy,AG,Itk,LandscapeGenomics,68.93971,-150.12683,coast,coast,lower,,,NA,NA,NA,NA,NA,365.3480225
Golden1G05,Itk4,Colville,2017,yoy,AG,Itk,LandscapeGenomics,69.45518,-150.71516,coast,coast,lower,,,NA,NA,NA,NA,NA,102.6123886
Golden1G06,Itk4,Colville,2017,yoy,AG,Itk,LandscapeGenomics,69.45324,-150.70741,coast,coast,lower,,,NA,NA,NA,NA,NA,104.3590851
Golden1G07,Itk4.5,Colville,2017,yoy,AG,Itk,LandscapeGenomics,69.93463,-150.85895,coast,coast,lower,,,NA,NA,NA,NA,NA,21.9724598
Golden1G08,KLAS5,Kuparuk,2016,yoy,AG,Kup,LandscapeGenomics,68.96524,-149.70183,noncoast,above,down,,,7.726666667,7.375,0.5,18.5,9.492294216,417.3706665
Golden1G09,Kup2,Kuparuk,2013,yoy,AG,Kup,LandscapeGenomics,68.539927,-149.273913,noncoast,above,up,,,7.96922043,7.625,1.75,17.375,6.385045922,879.0738525
Golden1H01,IMup,Colville,2016,yoy,AG,Itk,LandscapeGenomics,68.56366,-149.64935,noncoast,above,up,,,9.29469086,9,2,16,7.116192372,758.3659058
Golden1H10,Kup2,Kuparuk,2013,yoy,AG,Kup,LandscapeGenomics,68.541306,-149.285939,noncoast,above,up,,,7.96922043,7.625,1.75,17.375,6.385045922,860.5793457
Golden1H11,Kup6,Kuparuk,2013,yoy,AG,Kup,LandscapeGenomics,68.766113,-149.554721,noncoast,above,down,,,7.726666667,7.375,0.5,18.5,9.492294216,593.770813
Golden1H12,Kup6,Kuparuk,2014,yoy,AG,Kup,LandscapeGenomics,68.766113,-149.554721,noncoast,above,down,,,7.726666667,7.375,0.5,18.5,9.492294216,593.770813
Golden1H02,IMlow,Colville,2016,yoy,AG,Itk,LandscapeGenomics,68.62155,-149.77492,noncoast,below,down,,,8.458291331,8.125,1.125,15.75,7.647271623,623.9755859
Golden1H03,IMlow,Colville,2016,yoy,AG,Itk,LandscapeGenomics,68.60783,-149.73798,noncoast,below,down,,,8.458291331,8.125,1.125,15.75,7.647271623,644.6036987
Golden1H04,Itk3,Colville,2017,yoy,AG,Itk,LandscapeGenomics,68.93867,-150.13306,coast,coast,lower,,,NA,NA,NA,NA,NA,365.0607605
Golden1H05,Itk4,Colville,2017,yoy,AG,Itk,LandscapeGenomics,69.45569,-150.71569,coast,coast,lower,,,NA,NA,NA,NA,NA,103.0824738
Golden1H06,Itk4,Colville,2017,yoy,AG,Itk,LandscapeGenomics,69.45306,-150.70657,coast,coast,lower,,,NA,NA,NA,NA,NA,104.5696869
Golden1H07,Itk4.5,Colville,2017,yoy,AG,Itk,LandscapeGenomics,69.93566,-150.85526,coast,coast,lower,,,NA,NA,NA,NA,NA,22.521162
Golden1H08,KLAS5,Kuparuk,2016,yoy,AG,Kup,LandscapeGenomics,68.9657,-149.70258,noncoast,above,down,,,7.726666667,7.375,0.5,18.5,9.492294216,416.5723572
Golden1H09,Kup2,Kuparuk,2013,yoy,AG,Kup,LandscapeGenomics,68.540007,-149.282492,noncoast,above,up,,,7.96922043,7.625,1.75,17.375,6.385045922,862.2227173
Golden2A01,Kup6,Kuparuk,2013,yoy,AG,Kup,LandscapeGenomics,68.766113,-149.554721,noncoast,above,down,,,7.726666667,7.375,0.5,18.5,9.492294216,593.770813
Golden2A10,LKup1,Kuparuk,2017,yoy,AG,Kup,LandscapeGenomics,69.59872,-150.04155,coast,coast,lower,,,8.855062724,9,2.375,17,6.011513584,91.7911148
Golden2A11,LKup3,Kuparuk,2017,yoy,AG,Kup,LandscapeGenomics,69.96434,-149.45775,coast,coast,lower,,,8.855062724,9,2.375,17,6.011513584,46.7000008
Golden2A12,LSagHV,Sagavanirktok,2015,yoy,AG,HV,LandscapeGenomics,69.15097,-148.83151,coast,coast,lower,,,8.794444444,8.25,0.25,19,14.07453381,291.2124634
Golden2A02,Kup7,Kuparuk,2013,yoy,AG,Kup,LandscapeGenomics,68.9085,-149.6879833,noncoast,above,down,,,7.726666667,7.375,0.5,18.5,9.492294216,461.9456787
Golden2A03,Kup7,Kuparuk,2013,yoy,AG,Kup,LandscapeGenomics,68.9085,-149.6879833,noncoast,above,down,,,7.726666667,7.375,0.5,18.5,9.492294216,461.9456787
Golden2A04,Kup7,Kuparuk,2013,yoy,AG,Kup,LandscapeGenomics,68.9085,-149.6879833,noncoast,above,down,,,7.726666667,7.375,0.5,18.5,9.492294216,461.9456787
Golden2A05,Kup8,Kuparuk,2013,yoy,AG,Kup,LandscapeGenomics,68.99595,-149.75283,noncoast,below,down,,,7.726666667,7.375,0.5,18.5,9.492294216,389.1356812
Golden2A06,Kup8,Kuparuk,2013,yoy,AG,Kup,LandscapeGenomics,68.99595,-149.75283,noncoast,below,down,,,7.726666667,7.375,0.5,18.5,9.492294216,389.1356812
Golden2A07,Kup5,Kuparuk,2016,yoy,AG,Kup,LandscapeGenomics,68.6707,-149.44415,noncoast,above,down,,,7.726666667,7.375,0.5,18.5,9.492294216,708.3426514
Golden2A08,LKup0,Kuparuk,2017,yoy,AG,Kup,LandscapeGenomics,69.26089,-150.23299,coast,coast,lower,,,8.855062724,9,2.375,17,6.011513584,195.0747375
Golden2A09,LKup0,Kuparuk,2017,yoy,AG,Kup,LandscapeGenomics,69.26104,-150.23253,coast,coast,lower,,,8.855062724,9,2.375,17,6.011513584,195.9615784
Golden2B01,Kup6,Kuparuk,2013,yoy,AG,Kup,LandscapeGenomics,68.766113,-149.554721,noncoast,above,down,,,7.726666667,7.375,0.5,18.5,9.492294216,593.770813
Golden2B10,LKup1,Kuparuk,2017,yoy,AG,Kup,LandscapeGenomics,69.60088,-150.03502,coast,coast,lower,,,8.855062724,9,2.375,17,6.011513584,91.6541138
Golden2B11,LKup3,Kuparuk,2017,yoy,AG,Kup,LandscapeGenomics,69.96371,-149.459,coast,coast,lower,,,8.855062724,9,2.375,17,6.011513584,47.8416328
Golden2B12,LSagHV,Sagavanirktok,2015,yoy,AG,HV,LandscapeGenomics,69.15113,-148.83179,coast,coast,lower,,,8.794444444,8.25,0.25,19,14.07453381,290.6506958
Golden2B02,Kup7,Kuparuk,2013,yoy,AG,Kup,LandscapeGenomics,68.9085,-149.6879833,noncoast,above,down,,,7.726666667,7.375,0.5,18.5,9.492294216,461.9456787
Golden2B03,Kup7,Kuparuk,2013,yoy,AG,Kup,LandscapeGenomics,68.9085,-149.6879833,noncoast,above,down,,,7.726666667,7.375,0.5,18.5,9.492294216,461.9456787
Golden2B04,Kup8,Kuparuk,2013,yoy,AG,Kup,LandscapeGenomics,68.99595,-149.75283,noncoast,below,down,,,7.726666667,7.375,0.5,18.5,9.492294216,389.1356812
Golden2B05,Kup8,Kuparuk,2013,yoy,AG,Kup,LandscapeGenomics,68.99595,-149.75283,noncoast,below,down,,,7.726666667,7.375,0.5,18.5,9.492294216,389.1356812
Golden2B06,Kup8,Kuparuk,2013,yoy,AG,Kup,LandscapeGenomics,68.99595,-149.75283,noncoast,below,down,,,7.726666667,7.375,0.5,18.5,9.492294216,389.1356812
Golden2B07,Kup6,Kuparuk,2016,yoy,AG,Kup,LandscapeGenomics,68.77435,-149.57126,noncoast,above,down,,,7.726666667,7.375,0.5,18.5,9.492294216,584.8856201
Golden2B08,LKup0,Kuparuk,2017,yoy,AG,Kup,LandscapeGenomics,69.26194,-150.23973,coast,coast,lower,,,8.855062724,9,2.375,17,6.011513584,194.511673
Golden2B09,LKup1,Kuparuk,2017,yoy,AG,Kup,LandscapeGenomics,69.60426,-150.03113,coast,coast,lower,,,8.855062724,9,2.375,17,6.011513584,91.7614594
Golden2C01,Kup6,Kuparuk,2013,yoy,AG,Kup,LandscapeGenomics,68.766113,-149.554721,noncoast,above,down,,,7.726666667,7.375,0.5,18.5,9.492294216,593.770813
Golden2C10,LKup1,Kuparuk,2017,yoy,AG,Kup,LandscapeGenomics,69.60041,-150.03906,coast,coast,lower,,,8.855062724,9,2.375,17,6.011513584,91.4798584
Golden2C11,LKup3,Kuparuk,2017,yoy,AG,Kup,LandscapeGenomics,69.96281,-149.4623,coast,coast,lower,,,8.855062724,9,2.375,17,6.011513584,47.653656
Golden2C12,LSagHV,Sagavanirktok,2015,yoy,AG,HV,LandscapeGenomics,69.15072,-148.8371,coast,coast,lower,,,8.794444444,8.25,0.25,19,14.07453381,294.3053284
Golden2C02,Kup7,Kuparuk,2013,yoy,AG,Kup,LandscapeGenomics,68.9085,-149.6879833,noncoast,above,down,,,7.726666667,7.375,0.5,18.5,9.492294216,461.9456787
Golden2C03,Kup7,Kuparuk,2013,yoy,AG,Kup,LandscapeGenomics,68.9085,-149.6879833,noncoast,above,down,,,7.726666667,7.375,0.5,18.5,9.492294216,461.9456787
Golden2C04,Kup8,Kuparuk,2013,yoy,AG,Kup,LandscapeGenomics,68.99595,-149.75283,noncoast,below,down,,,7.726666667,7.375,0.5,18.5,9.492294216,389.1356812
Golden2C05,Kup8,Kuparuk,2013,yoy,AG,Kup,LandscapeGenomics,68.99595,-149.75283,noncoast,below,down,,,7.726666667,7.375,0.5,18.5,9.492294216,389.1356812
Golden2C06,Kup8,Kuparuk,2013,yoy,AG,Kup,LandscapeGenomics,68.99595,-149.75283,noncoast,below,down,,,7.726666667,7.375,0.5,18.5,9.492294216,389.1356812
Golden2C07,Kup6,Kuparuk,2016,yoy,AG,Kup,LandscapeGenomics,68.77494,-149.57278,noncoast,above,down,,,7.726666667,7.375,0.5,18.5,9.492294216,584.2161865
Golden2C08,LKup0,Kuparuk,2017,yoy,AG,Kup,LandscapeGenomics,69.25789,-150.23042,coast,coast,lower,,,8.855062724,9,2.375,17,6.011513584,196.2666473
Golden2C09,LKup1,Kuparuk,2017,yoy,AG,Kup,LandscapeGenomics,69.60061,-150.03778,coast,coast,lower,,,8.855062724,9,2.375,17,6.011513584,93.1490936
Golden2D01,Kup6,Kuparuk,2013,yoy,AG,Kup,LandscapeGenomics,68.766113,-149.554721,noncoast,above,down,,,7.726666667,7.375,0.5,18.5,9.492294216,593.770813
Golden2D10,LKup1,Kuparuk,2017,yoy,AG,Kup,LandscapeGenomics,69.5986,-150.04082,coast,coast,lower,,,8.855062724,9,2.375,17,6.011513584,91.7143936
Golden2D11,LKup3,Kuparuk,2017,yoy,AG,Kup,LandscapeGenomics,69.96148,-149.45947,coast,coast,lower,,,8.855062724,9,2.375,17,6.011513584,47.1504135
Golden2D12,LSagHV,Sagavanirktok,2015,yoy,AG,HV,LandscapeGenomics,69.15063,-148.83765,coast,coast,lower,,,8.794444444,8.25,0.25,19,14.07453381,294.8573914
Golden2D02,Kup7,Kuparuk,2013,yoy,AG,Kup,LandscapeGenomics,68.9085,-149.6879833,noncoast,above,down,,,7.726666667,7.375,0.5,18.5,9.492294216,461.9456787
Golden2D03,Kup7,Kuparuk,2013,yoy,AG,Kup,LandscapeGenomics,68.9085,-149.6879833,noncoast,above,down,,,7.726666667,7.375,0.5,18.5,9.492294216,461.9456787
Golden2D04,Kup8,Kuparuk,2013,yoy,AG,Kup,LandscapeGenomics,68.99595,-149.75283,noncoast,below,down,,,7.726666667,7.375,0.5,18.5,9.492294216,389.1356812
Golden2D05,Kup8,Kuparuk,2013,yoy,AG,Kup,LandscapeGenomics,68.99595,-149.75283,noncoast,below,down,,,7.726666667,7.375,0.5,18.5,9.492294216,389.1356812
Golden2D06,Kup8,Kuparuk,2013,yoy,AG,Kup,LandscapeGenomics,68.99595,-149.75283,noncoast,below,down,,,7.726666667,7.375,0.5,18.5,9.492294216,389.1356812
Golden2D07,Kup6,Kuparuk,2016,yoy,AG,Kup,LandscapeGenomics,68.77446,-149.571429,noncoast,above,down,,,7.726666667,7.375,0.5,18.5,9.492294216,585.190918
Golden2D08,LKup0,Kuparuk,2017,yoy,AG,Kup,LandscapeGenomics,69.26206,-150.24077,coast,coast,lower,,,8.855062724,9,2.375,17,6.011513584,194.3418427
Golden2D09,LKup1,Kuparuk,2017,yoy,AG,Kup,LandscapeGenomics,69.60081,-150.03648,coast,coast,lower,,,8.855062724,9,2.375,17,6.011513584,91.8869934
Golden2E01,Kup6,Kuparuk,2013,yoy,AG,Kup,LandscapeGenomics,68.766113,-149.554721,noncoast,above,down,,,7.726666667,7.375,0.5,18.5,9.492294216,593.770813
Golden2E10,LKup1,Kuparuk,2017,yoy,AG,Kup,LandscapeGenomics,69.60365,-150.03038,coast,coast,lower,,,8.855062724,9,2.375,17,6.011513584,90.7752609
Golden2E11,LKup3,Kuparuk,2017,yoy,AG,Kup,LandscapeGenomics,69.96348,-149.45569,coast,coast,lower,,,8.855062724,9,2.375,17,6.011513584,48.1920815
Golden2E12,LSagHV,Sagavanirktok,2015,yoy,AG,HV,LandscapeGenomics,69.15051,-148.83827,coast,coast,lower,,,8.794444444,8.25,0.25,19,14.07453381,294.6699524
Golden2E02,Kup7,Kuparuk,2013,yoy,AG,Kup,LandscapeGenomics,68.9085,-149.6879833,noncoast,above,down,,,7.726666667,7.375,0.5,18.5,9.492294216,461.9456787
Golden2E03,Kup7,Kuparuk,2013,yoy,AG,Kup,LandscapeGenomics,68.9085,-149.6879833,noncoast,above,down,,,7.726666667,7.375,0.5,18.5,9.492294216,461.9456787
Golden2E04,Kup8,Kuparuk,2013,yoy,AG,Kup,LandscapeGenomics,68.99595,-149.75283,noncoast,below,down,,,7.726666667,7.375,0.5,18.5,9.492294216,389.1356812
Golden2E05,Kup8,Kuparuk,2013,yoy,AG,Kup,LandscapeGenomics,68.99595,-149.75283,noncoast,below,down,,,7.726666667,7.375,0.5,18.5,9.492294216,389.1356812
Golden2E06,Kup8,Kuparuk,2013,yoy,AG,Kup,LandscapeGenomics,68.99595,-149.75283,noncoast,below,down,,,7.726666667,7.375,0.5,18.5,9.492294216,389.1356812
Golden2E07,LKup0,Kuparuk,2017,yoy,AG,Kup,LandscapeGenomics,69.26077,-150.23257,coast,coast,lower,,,8.855062724,9,2.375,17,6.011513584,195.9615784
Golden2E08,LKup0,Kuparuk,2017,yoy,AG,Kup,LandscapeGenomics,69.26232,-150.2361,coast,coast,lower,,,8.855062724,9,2.375,17,6.011513584,196.5643616
Golden2E09,LKup1,Kuparuk,2017,yoy,AG,Kup,LandscapeGenomics,69.60077,-150.03328,coast,coast,lower,,,8.855062724,9,2.375,17,6.011513584,91.5430603
Golden2F01,Kup6,Kuparuk,2013,yoy,AG,Kup,LandscapeGenomics,68.766113,-149.554721,noncoast,above,down,,,7.726666667,7.375,0.5,18.5,9.492294216,593.770813
Golden2F10,LKup1,Kuparuk,2017,yoy,AG,Kup,LandscapeGenomics,69.59872,-150.0399,coast,coast,lower,,,8.855062724,9,2.375,17,6.011513584,91.3047714
Golden2F11,LSagHV,Sagavanirktok,2015,yoy,AG,HV,LandscapeGenomics,69.1507,-148.83626,coast,coast,lower,,,8.794444444,8.25,0.25,19,14.07453381,293.8440247
Golden2F12,LSagHV,Sagavanirktok,2015,yoy,AG,HV,LandscapeGenomics,69.15025,-148.83867,coast,coast,lower,,,8.794444444,8.25,0.25,19,14.07453381,293.982666
Golden2F02,Kup7,Kuparuk,2013,yoy,AG,Kup,LandscapeGenomics,68.9085,-149.6879833,noncoast,above,down,,,7.726666667,7.375,0.5,18.5,9.492294216,461.9456787
Golden2F03,Kup7,Kuparuk,2013,yoy,AG,Kup,LandscapeGenomics,68.9085,-149.6879833,noncoast,above,down,,,7.726666667,7.375,0.5,18.5,9.492294216,461.9456787
Golden2F04,Kup8,Kuparuk,2013,yoy,AG,Kup,LandscapeGenomics,68.99595,-149.75283,noncoast,below,down,,,7.726666667,7.375,0.5,18.5,9.492294216,389.1356812
Golden2F05,Kup8,Kuparuk,2013,yoy,AG,Kup,LandscapeGenomics,68.99595,-149.75283,noncoast,below,down,,,7.726666667,7.375,0.5,18.5,9.492294216,389.1356812
Golden2F06,Kup5,Kuparuk,2015,yoy,AG,Kup,LandscapeGenomics,68.66966,-149.44521,noncoast,above,down,,,7.726666667,7.375,0.5,18.5,9.492294216,708.4026489
Golden2F07,LKup0,Kuparuk,2017,yoy,AG,Kup,LandscapeGenomics,69.26382,-150.24681,coast,coast,lower,,,8.855062724,9,2.375,17,6.011513584,193.5268097
Golden2F08,LKup0,Kuparuk,2017,yoy,AG,Kup,LandscapeGenomics,69.26034,-150.23396,coast,coast,lower,,,8.855062724,9,2.375,17,6.011513584,195.5518341
Golden2F09,LKup1,Kuparuk,2017,yoy,AG,Kup,LandscapeGenomics,69.59925,-150.03986,coast,coast,lower,,,8.855062724,9,2.375,17,6.011513584,91.4939499
Golden2G01,Kup6,Kuparuk,2013,yoy,AG,Kup,LandscapeGenomics,68.766113,-149.554721,noncoast,above,down,,,7.726666667,7.375,0.5,18.5,9.492294216,593.770813
Golden2G10,LKup3,Kuparuk,2017,yoy,AG,Kup,LandscapeGenomics,69.96569,-149.45844,coast,coast,lower,,,8.855062724,9,2.375,17,6.011513584,46.5409126
Golden2G11,LSagHV,Sagavanirktok,2015,yoy,AG,HV,LandscapeGenomics,69.15064,-148.83545,coast,coast,lower,,,8.794444444,8.25,0.25,19,14.07453381,294.0332031
Golden2G12,LSagHV,Sagavanirktok,2015,yoy,AG,HV,LandscapeGenomics,69.149666,-148.83862,coast,coast,lower,,,8.794444444,8.25,0.25,19,14.07453381,294.6670227
Golden2G02,Kup7,Kuparuk,2013,yoy,AG,Kup,LandscapeGenomics,68.9085,-149.6879833,noncoast,above,down,,,7.726666667,7.375,0.5,18.5,9.492294216,461.9456787
Golden2G03,Kup7,Kuparuk,2013,yoy,AG,Kup,LandscapeGenomics,68.9085,-149.6879833,noncoast,above,down,,,7.726666667,7.375,0.5,18.5,9.492294216,461.9456787
Golden2G04,Kup8,Kuparuk,2013,yoy,AG,Kup,LandscapeGenomics,68.99595,-149.75283,noncoast,below,down,,,7.726666667,7.375,0.5,18.5,9.492294216,389.1356812
Golden2G05,Kup8,Kuparuk,2013,yoy,AG,Kup,LandscapeGenomics,68.99595,-149.75283,noncoast,below,down,,,7.726666667,7.375,0.5,18.5,9.492294216,389.1356812
Golden2G06,Kup5,Kuparuk,2015,yoy,AG,Kup,LandscapeGenomics,68.66911,-149.44209,noncoast,above,down,,,7.726666667,7.375,0.5,18.5,9.492294216,711.2954102
Golden2G07,LKup0,Kuparuk,2017,yoy,AG,Kup,LandscapeGenomics,69.26363,-150.24757,coast,coast,lower,,,8.855062724,9,2.375,17,6.011513584,193.3287048
Golden2G08,LKup0,Kuparuk,2017,yoy,AG,Kup,LandscapeGenomics,69.26186,-150.24257,coast,coast,lower,,,8.855062724,9,2.375,17,6.011513584,194.9207458
Golden2G09,LKup1,Kuparuk,2017,yoy,AG,Kup,LandscapeGenomics,69.59846,-150.04021,coast,coast,lower,,,8.855062724,9,2.375,17,6.011513584,91.6311798
Golden2H01,Kup6,Kuparuk,2013,yoy,AG,Kup,LandscapeGenomics,68.766113,-149.554721,noncoast,above,down,,,7.726666667,7.375,0.5,18.5,9.492294216,593.770813
Golden2H10,LKup3,Kuparuk,2017,yoy,AG,Kup,LandscapeGenomics,69.96524,-149.45848,coast,coast,lower,,,8.855062724,9,2.375,17,6.011513584,47.3098297
Golden2H11,LSagHV,Sagavanirktok,2015,yoy,AG,HV,LandscapeGenomics,69.15064,-148.83374,coast,coast,lower,,,8.794444444,8.25,0.25,19,14.07453381,293.3259888
Golden2H12,LSagHV,Sagavanirktok,2015,yoy,AG,HV,LandscapeGenomics,69.14928,-148.84119,coast,coast,lower,,,8.794444444,8.25,0.25,19,14.07453381,296.0257568
Golden2H02,Kup7,Kuparuk,2013,yoy,AG,Kup,LandscapeGenomics,68.9085,-149.6879833,noncoast,above,down,,,7.726666667,7.375,0.5,18.5,9.492294216,461.9456787
Golden2H03,Kup7,Kuparuk,2013,yoy,AG,Kup,LandscapeGenomics,68.9085,-149.6879833,noncoast,above,down,,,7.726666667,7.375,0.5,18.5,9.492294216,461.9456787
Golden2H04,Kup8,Kuparuk,2013,yoy,AG,Kup,LandscapeGenomics,68.99595,-149.75283,noncoast,below,down,,,7.726666667,7.375,0.5,18.5,9.492294216,389.1356812
Golden2H05,Kup8,Kuparuk,2013,yoy,AG,Kup,LandscapeGenomics,68.99595,-149.75283,noncoast,below,down,,,7.726666667,7.375,0.5,18.5,9.492294216,389.1356812
Golden2H06,Kup5,Kuparuk,2016,yoy,AG,Kup,LandscapeGenomics,68.67076,-149.44396,noncoast,above,down,,,7.726666667,7.375,0.5,18.5,9.492294216,708.3426514
Golden2H07,LKup0,Kuparuk,2017,yoy,AG,Kup,LandscapeGenomics,69.26304,-150.24745,coast,coast,lower,,,8.855062724,9,2.375,17,6.011513584,193.7001801
Golden2H08,LKup0,Kuparuk,2017,yoy,AG,Kup,LandscapeGenomics,69.26225,-150.24673,coast,coast,lower,,,8.855062724,9,2.375,17,6.011513584,193.7620239
Golden2H09,LKup1,Kuparuk,2017,yoy,AG,Kup,LandscapeGenomics,69.59925,-150.03986,coast,coast,lower,,,8.855062724,9,2.375,17,6.011513584,91.4939499
Golden3A01,LSagHV,Sagavanirktok,2015,yoy,AG,HV,LandscapeGenomics,69.15072,-148.83725,coast,coast,lower,,,8.794444444,8.25,0.25,19,14.07453381,294.8573914
Golden3A10,OksZev,Sagavanirktok,2015,yoy,AG,Oks,LandscapeGenomics,68.66203,-149.189,noncoast,above,up,,,10.44864286,10.625,1.25,20.75,12.45157584,788.9718018
Golden3A11,OksZev,Sagavanirktok,2016,yoy,AG,Oks,LandscapeGenomics,68.663442,-149.184539,noncoast,above,up,,,10.44864286,10.625,1.25,20.75,12.45157584,785.3093872
Golden3A12,LSagTC,Sagavanirktok,2017,yoy,AG,TC,LandscapeGenomics,69.94943,-148.61163,coast,coast,lower,,,8.794444444,8.25,0.25,19,14.07453381,63.7774811
Golden3A02,Oks0,Sagavanirktok,2013,yoy,AG,Oks,LandscapeGenomics,68.619633,-149.188117,noncoast,above,up,,,10.44864286,10.625,1.25,20.75,12.45157584,849.0951538
Golden3A03,Oks0,Sagavanirktok,2013,yoy,AG,Oks,LandscapeGenomics,68.637973,-149.216459,noncoast,above,up,,,10.44864286,10.625,1.25,20.75,12.45157584,823.1766357
Golden3A04,Oks0,Sagavanirktok,2013,yoy,AG,Oks,LandscapeGenomics,68.640136,-149.216977,noncoast,above,up,,,10.44864286,10.625,1.25,20.75,12.45157584,820.1673584
Golden3A05,Oks2,Sagavanirktok,2013,yoy,AG,Oks,LandscapeGenomics,68.764232,-148.904292,noncoast,above,down,,,2.805611559,2.625,1.875,5.125,0.415161099,505.0290833
Golden3A06,Oks2,Sagavanirktok,2013,yoy,AG,Oks,LandscapeGenomics,68.764232,-148.904292,noncoast,above,down,,,2.805611559,2.625,1.875,5.125,0.415161099,505.0290833
Golden3A07,Oks2,Sagavanirktok,2013,yoy,AG,Oks,LandscapeGenomics,68.764232,-148.904292,noncoast,above,down,,,2.805611559,2.625,1.875,5.125,0.415161099,505.0290833
Golden3A08,Oks3,Sagavanirktok,2013,yoy,AG,Oks,LandscapeGenomics,68.862886,-148.844078,noncoast,below,down,,,2.805611559,2.625,1.875,5.125,0.415161099,413.8903198
Golden3A09,Oks3,Sagavanirktok,2013,yoy,AG,Oks,LandscapeGenomics,68.862886,-148.844078,noncoast,below,down,,,2.805611559,2.625,1.875,5.125,0.415161099,413.8903198
Golden3B01,LSag2,Sagavanirktok,2017,yoy,AG,Sag,LandscapeGenomics,69.73341,-148.69218,coast,coast,lower,,,8.794444444,8.25,0.25,19,14.07453381,102.6829224
Golden3B10,OksZev,Sagavanirktok,2015,yoy,AG,Oks,LandscapeGenomics,68.663906,-149.17732,noncoast,above,up,,,10.44864286,10.625,1.25,20.75,12.45157584,781.722168
Golden3B11,Oks2.5,Sagavanirktok,2016,yoy,AG,Oks,LandscapeGenomics,68.8495,-148.85346,noncoast,below,down,,,2.805611559,2.625,1.875,5.125,0.415161099,418.4295959
Golden3B12,LSagTC,Sagavanirktok,2017,yoy,AG,TC,LandscapeGenomics,69.94989,-148.61191,coast,coast,lower,,,8.794444444,8.25,0.25,19,14.07453381,63.9417953
Golden3B02,Oks0,Sagavanirktok,2013,yoy,AG,Oks,LandscapeGenomics,68.619867,-149.18872,noncoast,above,up,,,10.44864286,10.625,1.25,20.75,12.45157584,848.52948
Golden3B03,Oks0,Sagavanirktok,2013,yoy,AG,Oks,LandscapeGenomics,68.638246,-149.216095,noncoast,above,up,,,10.44864286,10.625,1.25,20.75,12.45157584,823.3786011
Golden3B04,Oks0,Sagavanirktok,2013,yoy,AG,Oks,LandscapeGenomics,68.640373,-149.217581,noncoast,above,up,,,10.44864286,10.625,1.25,20.75,12.45157584,819.9207764
Golden3B05,Oks2,Sagavanirktok,2013,yoy,AG,Oks,LandscapeGenomics,68.764232,-148.904292,noncoast,above,down,,,2.805611559,2.625,1.875,5.125,0.415161099,505.0290833
Golden3B06,Oks2,Sagavanirktok,2013,yoy,AG,Oks,LandscapeGenomics,68.764232,-148.904292,noncoast,above,down,,,2.805611559,2.625,1.875,5.125,0.415161099,505.0290833
Golden3B07,Oks2,Sagavanirktok,2013,yoy,AG,Oks,LandscapeGenomics,68.764232,-148.904292,noncoast,above,down,,,2.805611559,2.625,1.875,5.125,0.415161099,505.0290833
Golden3B08,Oks3,Sagavanirktok,2013,yoy,AG,Oks,LandscapeGenomics,68.862886,-148.844078,noncoast,below,down,,,2.805611559,2.625,1.875,5.125,0.415161099,413.8903198
Golden3B09,Oks3,Sagavanirktok,2013,yoy,AG,Oks,LandscapeGenomics,68.862886,-148.844078,noncoast,below,down,,,2.805611559,2.625,1.875,5.125,0.415161099,413.8903198
Golden3C01,LSag2,Sagavanirktok,2017,yoy,AG,Sag,LandscapeGenomics,69.73426,-148.69275,coast,coast,lower,,,8.794444444,8.25,0.25,19,14.07453381,102.4276733
Golden3C10,OksZev,Sagavanirktok,2016,yoy,AG,Oks,LandscapeGenomics,68.6628,-149.18804,noncoast,above,up,,,10.44864286,10.625,1.25,20.75,12.45157584,786.053772
Golden3C11,Oks2.5,Sagavanirktok,2016,yoy,AG,Oks,LandscapeGenomics,68.85123,-148.85411,noncoast,below,down,,,2.805611559,2.625,1.875,5.125,0.415161099,417.7759399
Golden3C12,LSagTC,Sagavanirktok,2017,yoy,AG,TC,LandscapeGenomics,69.94352,-148.61108,coast,coast,lower,,,8.794444444,8.25,0.25,19,14.07453381,73.282692
Golden3C02,Oks0,Sagavanirktok,2013,yoy,AG,Oks,LandscapeGenomics,68.620091,-149.190344,noncoast,above,up,,,10.44864286,10.625,1.25,20.75,12.45157584,848.005188
Golden3C03,Oks0,Sagavanirktok,2013,yoy,AG,Oks,LandscapeGenomics,68.638557,-149.215864,noncoast,above,up,,,10.44864286,10.625,1.25,20.75,12.45157584,822.3482666
Golden3C04,Oks0,Sagavanirktok,2013,yoy,AG,Oks,LandscapeGenomics,68.640677,-149.217629,noncoast,above,up,,,10.44864286,10.625,1.25,20.75,12.45157584,819.1203613
Golden3C05,Oks2,Sagavanirktok,2013,yoy,AG,Oks,LandscapeGenomics,68.764232,-148.904292,noncoast,above,down,,,2.805611559,2.625,1.875,5.125,0.415161099,505.0290833
Golden3C06,Oks2,Sagavanirktok,2013,yoy,AG,Oks,LandscapeGenomics,68.764232,-148.904292,noncoast,above,down,,,2.805611559,2.625,1.875,5.125,0.415161099,505.0290833
Golden3C07,Oks2,Sagavanirktok,2013,yoy,AG,Oks,LandscapeGenomics,68.764232,-148.904292,noncoast,above,down,,,2.805611559,2.625,1.875,5.125,0.415161099,505.0290833
Golden3C08,Oks3,Sagavanirktok,2013,yoy,AG,Oks,LandscapeGenomics,68.862886,-148.844078,noncoast,below,down,,,2.805611559,2.625,1.875,5.125,0.415161099,413.8903198
Golden3C09,Oks3,Sagavanirktok,2013,yoy,AG,Oks,LandscapeGenomics,68.862886,-148.844078,noncoast,below,down,,,2.805611559,2.625,1.875,5.125,0.415161099,413.8903198
Golden3D01,LSag2,Sagavanirktok,2017,yoy,AG,Sag,LandscapeGenomics,69.7319,-148.68997,coast,coast,lower,,,8.794444444,8.25,0.25,19,14.07453381,102.043396
Golden3D10,OksZev,Sagavanirktok,2016,yoy,AG,Oks,LandscapeGenomics,68.6638,-149.18279,noncoast,above,up,,,10.44864286,10.625,1.25,20.75,12.45157584,783.9714355
Golden3D11,Oks2.5,Sagavanirktok,2016,yoy,AG,Oks,LandscapeGenomics,68.84934,-148.85334,noncoast,below,down,,,2.805611559,2.625,1.875,5.125,0.415161099,418.9187622
Golden3D12,LSagTC,Sagavanirktok,2017,yoy,AG,TC,LandscapeGenomics,69.95148,-148.60971,coast,coast,lower,,,8.794444444,8.25,0.25,19,14.07453381,62.2573318
Golden3D02,Oks0,Sagavanirktok,2013,yoy,AG,Oks,LandscapeGenomics,68.620224,-149.19112,noncoast,above,up,,,10.44864286,10.625,1.25,20.75,12.45157584,846.9863281
Golden3D03,Oks0,Sagavanirktok,2013,yoy,AG,Oks,LandscapeGenomics,68.638773,-149.216478,noncoast,above,up,,,10.44864286,10.625,1.25,20.75,12.45157584,822.2034302
Golden3D04,Oks0,Sagavanirktok,2013,yoy,AG,Oks,LandscapeGenomics,68.641005,-149.217332,noncoast,above,up,,,10.44864286,10.625,1.25,20.75,12.45157584,819.1203613
Golden3D05,Oks2,Sagavanirktok,2013,yoy,AG,Oks,LandscapeGenomics,68.764232,-148.904292,noncoast,above,down,,,2.805611559,2.625,1.875,5.125,0.415161099,505.0290833
Golden3D06,Oks2,Sagavanirktok,2013,yoy,AG,Oks,LandscapeGenomics,68.764232,-148.904292,noncoast,above,down,,,2.805611559,2.625,1.875,5.125,0.415161099,505.0290833
Golden3D07,Oks2,Sagavanirktok,2013,yoy,AG,Oks,LandscapeGenomics,68.764232,-148.904292,noncoast,above,down,,,2.805611559,2.625,1.875,5.125,0.415161099,505.0290833
Golden3D08,Oks3,Sagavanirktok,2013,yoy,AG,Oks,LandscapeGenomics,68.862886,-148.844078,noncoast,below,down,,,2.805611559,2.625,1.875,5.125,0.415161099,413.8903198
Golden3D09,Oks3,Sagavanirktok,2013,yoy,AG,Oks,LandscapeGenomics,68.862886,-148.844078,noncoast,below,down,,,2.805611559,2.625,1.875,5.125,0.415161099,413.8903198
Golden3E01,Oks0,Sagavanirktok,2015,yoy,AG,Oks,LandscapeGenomics,68.6715,-149.1281,noncoast,above,up,,,10.44864286,10.625,1.25,20.75,12.45157584,763.7390137
Golden3E10,OksZev,Sagavanirktok,2016,yoy,AG,Oks,LandscapeGenomics,68.66276,-149.18876,noncoast,above,up,,,10.44864286,10.625,1.25,20.75,12.45157584,786.6246338
Golden3E11,Oks2.5,Sagavanirktok,2016,yoy,AG,Oks,LandscapeGenomics,68.85116,-148.85546,noncoast,below,down,,,2.805611559,2.625,1.875,5.125,0.415161099,417.4466553
Golden3E12,LSagTC,Sagavanirktok,2017,yoy,AG,TC,LandscapeGenomics,69.94831,-148.61133,coast,coast,lower,,,8.794444444,8.25,0.25,19,14.07453381,64.0999985
Golden3E02,Oks0,Sagavanirktok,2013,yoy,AG,Oks,LandscapeGenomics,68.636745,-149.216692,noncoast,above,up,,,10.44864286,10.625,1.25,20.75,12.45157584,824.7056885
Golden3E03,Oks0,Sagavanirktok,2013,yoy,AG,Oks,LandscapeGenomics,68.639007,-149.216977,noncoast,above,up,,,10.44864286,10.625,1.25,20.75,12.45157584,821.6541138
Golden3E04,Oks0,Sagavanirktok,2013,yoy,AG,Oks,LandscapeGenomics,68.641327,-149.217341,noncoast,above,up,,,10.44864286,10.625,1.25,20.75,12.45157584,818.5951538
Golden3E05,Oks2,Sagavanirktok,2013,yoy,AG,Oks,LandscapeGenomics,68.764232,-148.904292,noncoast,above,down,,,2.805611559,2.625,1.875,5.125,0.415161099,505.0290833
Golden3E06,Oks2,Sagavanirktok,2013,yoy,AG,Oks,LandscapeGenomics,68.764232,-148.904292,noncoast,above,down,,,2.805611559,2.625,1.875,5.125,0.415161099,505.0290833
Golden3E07,Oks3,Sagavanirktok,2013,yoy,AG,Oks,LandscapeGenomics,68.862886,-148.844078,noncoast,below,down,,,2.805611559,2.625,1.875,5.125,0.415161099,413.8903198
Golden3E08,Oks3,Sagavanirktok,2013,yoy,AG,Oks,LandscapeGenomics,68.862886,-148.844078,noncoast,below,down,,,2.805611559,2.625,1.875,5.125,0.415161099,413.8903198
Golden3E09,Oks3,Sagavanirktok,2013,yoy,AG,Oks,LandscapeGenomics,68.862886,-148.844078,noncoast,below,down,,,2.805611559,2.625,1.875,5.125,0.415161099,413.8903198
Golden3F01,Oks0,Sagavanirktok,2015,yoy,AG,Oks,LandscapeGenomics,68.6713,-149.1313,noncoast,above,up,,,10.44864286,10.625,1.25,20.75,12.45157584,764.7786865
Golden3F10,OksZev,Sagavanirktok,2016,yoy,AG,Oks,LandscapeGenomics,68.6626,-149.18894,noncoast,above,up,,,10.44864286,10.625,1.25,20.75,12.45157584,786.3731079
Golden3F11,Oks2.5,Sagavanirktok,2016,yoy,AG,Oks,LandscapeGenomics,68.851297,-148.854231,noncoast,below,down,,,2.805611559,2.625,1.875,5.125,0.415161099,417.7759399
Golden3F12,LSagTC,Sagavanirktok,2017,yoy,AG,TC,LandscapeGenomics,69.94739,-148.61137,coast,coast,lower,,,8.794444444,8.25,0.25,19,14.07453381,64.3317795
Golden3F02,Oks0,Sagavanirktok,2013,yoy,AG,Oks,LandscapeGenomics,68.63716,-149.21668,noncoast,above,up,,,10.44864286,10.625,1.25,20.75,12.45157584,824.7056885
Golden3F03,Oks0,Sagavanirktok,2013,yoy,AG,Oks,LandscapeGenomics,68.639318,-149.217092,noncoast,above,up,,,10.44864286,10.625,1.25,20.75,12.45157584,821.6541138
Golden3F04,Oks0,Sagavanirktok,2013,yoy,AG,Oks,LandscapeGenomics,68.641648,-149.217351,noncoast,above,up,,,10.44864286,10.625,1.25,20.75,12.45157584,818.5951538
Golden3F05,Oks2,Sagavanirktok,2013,yoy,AG,Oks,LandscapeGenomics,68.764232,-148.904292,noncoast,above,down,,,2.805611559,2.625,1.875,5.125,0.415161099,505.0290833
Golden3F06,Oks2,Sagavanirktok,2013,yoy,AG,Oks,LandscapeGenomics,68.764232,-148.904292,noncoast,above,down,,,2.805611559,2.625,1.875,5.125,0.415161099,505.0290833
Golden3F07,Oks3,Sagavanirktok,2013,yoy,AG,Oks,LandscapeGenomics,68.862886,-148.844078,noncoast,below,down,,,2.805611559,2.625,1.875,5.125,0.415161099,413.8903198
Golden3F08,Oks3,Sagavanirktok,2013,yoy,AG,Oks,LandscapeGenomics,68.862886,-148.844078,noncoast,below,down,,,2.805611559,2.625,1.875,5.125,0.415161099,413.8903198
Golden3F09,Oks3,Sagavanirktok,2013,yoy,AG,Oks,LandscapeGenomics,68.862886,-148.844078,noncoast,below,down,,,2.805611559,2.625,1.875,5.125,0.415161099,413.8903198
Golden3G01,Oks0,Sagavanirktok,2015,yoy,AG,Oks,LandscapeGenomics,68.6685,-149.1524,noncoast,above,up,,,10.44864286,10.625,1.25,20.75,12.45157584,771.939209
Golden3G10,OksZev,Sagavanirktok,2016,yoy,AG,Oks,LandscapeGenomics,68.66268,-149.18919,noncoast,above,up,,,10.44864286,10.625,1.25,20.75,12.45157584,786.3731079
Golden3G11,LSagTC,Sagavanirktok,2017,yoy,AG,TC,LandscapeGenomics,69.94905,-148.6115,coast,coast,lower,,,8.794444444,8.25,0.25,19,14.07453381,63.7774811
Golden3G12,LSagTC,Sagavanirktok,2017,yoy,AG,TC,LandscapeGenomics,69.9525,-148.6056,coast,coast,lower,,,8.794444444,8.25,0.25,19,14.07453381,67.2321854
Golden3G02,Oks0,Sagavanirktok,2013,yoy,AG,Oks,LandscapeGenomics,68.637376,-149.217408,noncoast,above,up,,,10.44864286,10.625,1.25,20.75,12.45157584,824.3087158
Golden3G03,Oks0,Sagavanirktok,2013,yoy,AG,Oks,LandscapeGenomics,68.639629,-149.217159,noncoast,above,up,,,10.44864286,10.625,1.25,20.75,12.45157584,820.7369385
Golden3G04,Oks0,Sagavanirktok,2013,yoy,AG,Oks,LandscapeGenomics,68.641934,-149.217514,noncoast,above,up,,,10.44864286,10.625,1.25,20.75,12.45157584,818.0562134
Golden3G05,Oks2,Sagavanirktok,2013,yoy,AG,Oks,LandscapeGenomics,68.764232,-148.904292,noncoast,above,down,,,2.805611559,2.625,1.875,5.125,0.415161099,505.0290833
Golden3G06,Oks2,Sagavanirktok,2013,yoy,AG,Oks,LandscapeGenomics,68.764232,-148.904292,noncoast,above,down,,,2.805611559,2.625,1.875,5.125,0.415161099,505.0290833
Golden3G07,Oks3,Sagavanirktok,2013,yoy,AG,Oks,LandscapeGenomics,68.862886,-148.844078,noncoast,below,down,,,2.805611559,2.625,1.875,5.125,0.415161099,413.8903198
Golden3G08,Oks3,Sagavanirktok,2013,yoy,AG,Oks,LandscapeGenomics,68.862886,-148.844078,noncoast,below,down,,,2.805611559,2.625,1.875,5.125,0.415161099,413.8903198
Golden3G09,Oks3,Sagavanirktok,2013,yoy,AG,Oks,LandscapeGenomics,68.862886,-148.844078,noncoast,below,down,,,2.805611559,2.625,1.875,5.125,0.415161099,413.8903198
Golden3H01,Oks0,Sagavanirktok,2013,yoy,AG,Oks,LandscapeGenomics,68.62005,-149.189419,noncoast,above,up,,,10.44864286,10.625,1.25,20.75,12.45157584,848.5472412
Golden3H10,OksZev,Sagavanirktok,2016,yoy,AG,Oks,LandscapeGenomics,68.66342,-149.18585,noncoast,above,up,,,10.44864286,10.625,1.25,20.75,12.45157584,785.8329468
Golden3H11,LSagTC,Sagavanirktok,2017,yoy,AG,TC,LandscapeGenomics,69.9508,-148.6118,coast,coast,lower,,,8.794444444,8.25,0.25,19,14.07453381,64.6156464
Golden3H12,LSagTC,Sagavanirktok,2017,yoy,AG,TC,LandscapeGenomics,69.95339,-148.6114,coast,coast,lower,,,8.794444444,8.25,0.25,19,14.07453381,60.3091202
Golden3H02,Oks0,Sagavanirktok,2013,yoy,AG,Oks,LandscapeGenomics,68.637715,-149.217207,noncoast,above,up,,,10.44864286,10.625,1.25,20.75,12.45157584,824.2359009
Golden3H03,Oks0,Sagavanirktok,2013,yoy,AG,Oks,LandscapeGenomics,68.639839,-149.216823,noncoast,above,up,,,10.44864286,10.625,1.25,20.75,12.45157584,820.7369385
Golden3H04,Oks0,Sagavanirktok,2013,yoy,AG,Oks,LandscapeGenomics,68.642242,-149.217715,noncoast,above,up,,,10.44864286,10.625,1.25,20.75,12.45157584,817.788208
Golden3H05,Oks2,Sagavanirktok,2013,yoy,AG,Oks,LandscapeGenomics,68.764232,-148.904292,noncoast,above,down,,,2.805611559,2.625,1.875,5.125,0.415161099,505.0290833
Golden3H06,Oks2,Sagavanirktok,2013,yoy,AG,Oks,LandscapeGenomics,68.764232,-148.904292,noncoast,above,down,,,2.805611559,2.625,1.875,5.125,0.415161099,505.0290833
Golden3H07,Oks3,Sagavanirktok,2013,yoy,AG,Oks,LandscapeGenomics,68.862886,-148.844078,noncoast,below,down,,,2.805611559,2.625,1.875,5.125,0.415161099,413.8903198
Golden3H08,Oks3,Sagavanirktok,2013,yoy,AG,Oks,LandscapeGenomics,68.862886,-148.844078,noncoast,below,down,,,2.805611559,2.625,1.875,5.125,0.415161099,413.8903198
Golden3H09,Oks3,Sagavanirktok,2013,yoy,AG,Oks,LandscapeGenomics,68.862886,-148.844078,noncoast,below,down,,,2.805611559,2.625,1.875,5.125,0.415161099,413.8903198
Golden4A01,LSagTC,Sagavanirktok,2017,yoy,AG,TC,LandscapeGenomics,69.95113,-148.61078,coast,coast,lower,,,8.794444444,8.25,0.25,19,14.07453381,65.4761353
Golden4A10,Kup.a,Kuparuk,2011,adult,AG,Kup,SNP_Selection,68.53717,-149.248205,noncoast,above,up,0,0,7.96922043,7.625,1.75,17.375,6.385045922,887.5990601
Golden4A11,Kup.a,Kuparuk,2011,adult,AG,Kup,SNP_Selection,68.53717,-149.248205,noncoast,above,up,0,0,7.96922043,7.625,1.75,17.375,6.385045922,887.5990601
Golden4A12,Kup.a,Kuparuk,2010,adult,AG,Kup,SNP_Selection,68.53717,-149.248205,noncoast,above,up,0,0,7.96922043,7.625,1.75,17.375,6.385045922,887.5990601
Golden4A02,LSagTC,Sagavanirktok,2017,yoy,AG,TC,LandscapeGenomics,69.9503,-148.61232,coast,coast,lower,,,8.794444444,8.25,0.25,19,14.07453381,64.7292099
Golden4A03,IMup.a,Colville,2015,adult,AG,Itk,SNP_Selection,68.556594,-149.574373,noncoast,above,up,,,9.29469086,9,2,16,7.116192372,805.6446533
Golden4A04,IMup.a,Colville,2016,adult,AG,Itk,SNP_Selection,68.556594,-149.574373,noncoast,above,up,0,0,9.29469086,9,2,16,7.116192372,805.6446533
Golden4A05,IMlow.a,Colville,2016,adult,AG,Itk,SNP_Selection,68.605367,-149.736093,noncoast,below,down,13.1,13.1,8.458291331,8.125,1.125,15.75,7.647271623,650.1299438
Golden4A06,IMlow.a,Colville,2016,adult,AG,Itk,SNP_Selection,68.605367,-149.736093,noncoast,below,down,13.1,13.1,8.458291331,8.125,1.125,15.75,7.647271623,650.1299438
Golden4A07,IMlow.a,Colville,2016,adult,AG,Itk,SNP_Selection,68.605367,-149.736093,noncoast,below,down,13.1,13.1,8.458291331,8.125,1.125,15.75,7.647271623,650.1299438
Golden4A08,LL3.a,Colville,2012,adult,AG,Itk,SNP_Selection,68.623432,-149.792559,noncoast,below,down,,,8.458291331,8.125,1.125,15.75,7.647271623,625.1610107
Golden4A09,IM3.a,Colville,2015,adult,AG,Itk,SNP_Selection,68.62373,-149.7778,noncoast,below,down,16.2,16.2,8.458291331,8.125,1.125,15.75,7.647271623,621.9934692
Golden4B01,LSagTC,Sagavanirktok,2017,yoy,AG,TC,LandscapeGenomics,69.94632,-148.61234,coast,coast,lower,,,8.794444444,8.25,0.25,19,14.07453381,67.2128525
Golden4B10,Kup.a,Kuparuk,2011,adult,AG,Kup,SNP_Selection,68.53717,-149.248205,noncoast,above,up,0,0,7.96922043,7.625,1.75,17.375,6.385045922,887.5990601
Golden4B11,Kup.a,Kuparuk,2011,adult,AG,Kup,SNP_Selection,68.53717,-149.248205,noncoast,above,up,0,0,7.96922043,7.625,1.75,17.375,6.385045922,887.5990601
Golden4B12,Kup.a,Kuparuk,2010,adult,AG,Kup,SNP_Selection,68.53717,-149.248205,noncoast,above,up,,,7.96922043,7.625,1.75,17.375,6.385045922,887.5990601
Golden4B02,LSagTC,Sagavanirktok,2017,yoy,AG,TC,LandscapeGenomics,69.95389,-148.61154,coast,coast,lower,,,8.794444444,8.25,0.25,19,14.07453381,59.9987488
Golden4B03,IMup.a,Colville,2015,adult,AG,Itk,SNP_Selection,68.563736,-149.650008,noncoast,above,up,,,9.29469086,9,2,16,7.116192372,758.8405762
Golden4B04,IMup.a,Colville,2016,adult,AG,Itk,SNP_Selection,68.556594,-149.574373,noncoast,above,up,0,0,9.29469086,9,2,16,7.116192372,805.6446533
Golden4B05,IMlow.a,Colville,2016,adult,AG,Itk,SNP_Selection,68.605367,-149.736093,noncoast,below,down,13.1,13.1,8.458291331,8.125,1.125,15.75,7.647271623,650.1299438
Golden4B06,IMlow.a,Colville,2016,adult,AG,Itk,SNP_Selection,68.605367,-149.736093,noncoast,below,down,13.1,13.1,8.458291331,8.125,1.125,15.75,7.647271623,650.1299438
Golden4B07,IMlow.a,Colville,2016,adult,AG,Itk,SNP_Selection,68.605367,-149.736093,noncoast,below,down,13.1,13.1,8.458291331,8.125,1.125,15.75,7.647271623,650.1299438
Golden4B08,LL3.a,Colville,2012,adult,AG,Itk,SNP_Selection,68.623432,-149.792559,noncoast,below,down,,,8.458291331,8.125,1.125,15.75,7.647271623,625.1610107
Golden4B09,IM3.a,Colville,2015,adult,AG,Itk,SNP_Selection,68.62373,-149.7778,noncoast,below,down,16.2,16.2,8.458291331,8.125,1.125,15.75,7.647271623,621.9934692
Golden4C01,LSagTC,Sagavanirktok,2017,yoy,AG,TC,LandscapeGenomics,69.95482,-148.61102,coast,coast,lower,,,8.794444444,8.25,0.25,19,14.07453381,59.4992256
Golden4C10,Kup.a,Kuparuk,2011,adult,AG,Kup,SNP_Selection,68.53717,-149.248205,noncoast,above,up,0,0,7.96922043,7.625,1.75,17.375,6.385045922,887.5990601
Golden4C11,Kup.a,Kuparuk,2011,adult,AG,Kup,SNP_Selection,68.53717,-149.248205,noncoast,above,up,0,0,7.96922043,7.625,1.75,17.375,6.385045922,887.5990601
Golden4C12,Kup.a,Kuparuk,2010,adult,AG,Kup,SNP_Selection,68.53717,-149.248205,noncoast,above,up,,,7.96922043,7.625,1.75,17.375,6.385045922,887.5990601
Golden4C02,IMup.a,Colville,2015,adult,AG,Itk,SNP_Selection,68.556594,-149.574373,noncoast,above,up,0,0,9.29469086,9,2,16,7.116192372,805.6446533
Golden4C03,IMup.a,Colville,2015,adult,AG,Itk,SNP_Selection,68.563736,-149.650008,noncoast,above,up,,,9.29469086,9,2,16,7.116192372,758.8405762
Golden4C04,IMup.a,Colville,2016,adult,AG,Itk,SNP_Selection,68.556594,-149.574373,noncoast,above,up,0,0,9.29469086,9,2,16,7.116192372,805.6446533
Golden4C05,IMlow.a,Colville,2016,adult,AG,Itk,SNP_Selection,68.605367,-149.736093,noncoast,below,down,13.1,13.1,8.458291331,8.125,1.125,15.75,7.647271623,650.1299438
Golden4C06,IMlow.a,Colville,2016,adult,AG,Itk,SNP_Selection,68.605367,-149.736093,noncoast,below,down,13.1,13.1,8.458291331,8.125,1.125,15.75,7.647271623,650.1299438
Golden4C07,LL3.a,Colville,2012,adult,AG,Itk,SNP_Selection,68.623432,-149.792559,noncoast,below,down,,,8.458291331,8.125,1.125,15.75,7.647271623,625.1610107
Golden4C08,IM3.a,Colville,2015,adult,AG,Itk,SNP_Selection,68.62373,-149.7778,noncoast,below,down,16.2,16.2,8.458291331,8.125,1.125,15.75,7.647271623,621.9934692
Golden4C09,IM3.a,Colville,2015,adult,AG,Itk,SNP_Selection,68.62373,-149.7778,noncoast,below,down,16.2,16.2,8.458291331,8.125,1.125,15.75,7.647271623,621.9934692
Golden4D01,LSagTC,Sagavanirktok,2017,yoy,AG,TC,LandscapeGenomics,69.94784,-148.61153,coast,coast,lower,,,8.794444444,8.25,0.25,19,14.07453381,64.0999985
Golden4D10,Kup.a,Kuparuk,2011,adult,AG,Kup,SNP_Selection,68.53717,-149.248205,noncoast,above,up,0,0,7.96922043,7.625,1.75,17.375,6.385045922,887.5990601
Golden4D11,Kup.a,Kuparuk,2011,adult,AG,Kup,SNP_Selection,68.53717,-149.248205,noncoast,above,up,GCL,,7.96922043,7.625,1.75,17.375,6.385045922,887.5990601
Golden4D12,Kup.a,Kuparuk,2010,adult,AG,Kup,SNP_Selection,68.53717,-149.248205,noncoast,above,up,0,0,7.96922043,7.625,1.75,17.375,6.385045922,887.5990601
Golden4D02,IMup.a,Colville,2015,adult,AG,Itk,SNP_Selection,68.556594,-149.574373,noncoast,above,up,0,0,9.29469086,9,2,16,7.116192372,805.6446533
Golden4D03,IMup.a,Colville,2015,adult,AG,Itk,SNP_Selection,68.563736,-149.650008,noncoast,above,up,,,9.29469086,9,2,16,7.116192372,758.8405762
Golden4D04,IMup.a,Colville,2016,adult,AG,Itk,SNP_Selection,68.556594,-149.574373,noncoast,above,up,0,0,9.29469086,9,2,16,7.116192372,805.6446533
Golden4D05,IMlow.a,Colville,2016,adult,AG,Itk,SNP_Selection,68.605367,-149.736093,noncoast,below,down,13.1,13.1,8.458291331,8.125,1.125,15.75,7.647271623,650.1299438
Golden4D06,IMlow.a,Colville,2016,adult,AG,Itk,SNP_Selection,68.605367,-149.736093,noncoast,below,down,13.1,13.1,8.458291331,8.125,1.125,15.75,7.647271623,650.1299438
Golden4D07,LL3.a,Colville,2012,adult,AG,Itk,SNP_Selection,68.623432,-149.792559,noncoast,below,down,,,8.458291331,8.125,1.125,15.75,7.647271623,625.1610107
Golden4D08,IM3.a,Colville,2015,adult,AG,Itk,SNP_Selection,68.62373,-149.7778,noncoast,below,down,16.2,16.2,8.458291331,8.125,1.125,15.75,7.647271623,621.9934692
Golden4D09,IM3.a,Colville,2015,adult,AG,Itk,SNP_Selection,68.62373,-149.7778,noncoast,below,down,16.2,16.2,8.458291331,8.125,1.125,15.75,7.647271623,621.9934692
Golden4E01,LSagTC,Sagavanirktok,2017,yoy,AG,TC,LandscapeGenomics,69.95224,-148.60872,coast,coast,lower,,,8.794444444,8.25,0.25,19,14.07453381,64.2239532
Golden4E10,Kup.a,Kuparuk,2011,adult,AG,Kup,SNP_Selection,68.53717,-149.248205,noncoast,above,up,0,7,7.96922043,7.625,1.75,17.375,6.385045922,887.5990601
Golden4E11,Kup.a,Kuparuk,2011,adult,AG,Kup,SNP_Selection,68.53717,-149.248205,noncoast,above,up,GCL,,7.96922043,7.625,1.75,17.375,6.385045922,887.5990601
Golden4E12,Kup.a,Kuparuk,2012,adult,AG,Kup,SNP_Selection,68.57208,-149.34697,noncoast,above,up,0,7,7.96922043,7.625,1.75,17.375,6.385045922,818.7359619
Golden4E02,IMup.a,Colville,2015,adult,AG,Itk,SNP_Selection,68.556594,-149.574373,noncoast,above,up,0,0,9.29469086,9,2,16,7.116192372,805.6446533
Golden4E03,IMup.a,Colville,2015,adult,AG,Itk,SNP_Selection,68.563736,-149.650008,noncoast,above,up,,,9.29469086,9,2,16,7.116192372,758.8405762
Golden4E04,IMup.a,Colville,2016,adult,AG,Itk,SNP_Selection,68.556594,-149.574373,noncoast,above,up,0,0,9.29469086,9,2,16,7.116192372,805.6446533
Golden4E05,IMlow.a,Colville,2016,adult,AG,Itk,SNP_Selection,68.605367,-149.736093,noncoast,below,down,13.1,13.1,8.458291331,8.125,1.125,15.75,7.647271623,650.1299438
Golden4E06,IMlow.a,Colville,2016,adult,AG,Itk,SNP_Selection,68.605367,-149.736093,noncoast,below,down,13.1,13.1,8.458291331,8.125,1.125,15.75,7.647271623,650.1299438
Golden4E07,LL3.a,Colville,2012,adult,AG,Itk,SNP_Selection,68.623432,-149.792559,noncoast,below,down,,,8.458291331,8.125,1.125,15.75,7.647271623,625.1610107
Golden4E08,IM3.a,Colville,2015,adult,AG,Itk,SNP_Selection,68.62373,-149.7778,noncoast,below,down,16.2,16.2,8.458291331,8.125,1.125,15.75,7.647271623,621.9934692
Golden4E09,IM3.a,Colville,2015,adult,AG,Itk,SNP_Selection,68.62373,-149.7778,noncoast,below,down,16.2,16.2,8.458291331,8.125,1.125,15.75,7.647271623,621.9934692
Golden4F01,LSagTC,Sagavanirktok,2017,yoy,AG,TC,LandscapeGenomics,69.95501,-148.61018,coast,coast,lower,,,8.794444444,8.25,0.25,19,14.07453381,59.3371849
Golden4F10,Kup.a,Kuparuk,2011,adult,AG,Kup,SNP_Selection,68.53717,-149.248205,noncoast,above,up,0,0,7.96922043,7.625,1.75,17.375,6.385045922,887.5990601
Golden4F11,Kup.a,Kuparuk,2011,adult,AG,Kup,SNP_Selection,68.53717,-149.248205,noncoast,above,up,,,7.96922043,7.625,1.75,17.375,6.385045922,887.5990601
Golden4F12,Kup.a,Kuparuk,2012,adult,AG,Kup,SNP_Selection,68.57208,-149.34697,noncoast,above,up,18.4,18.4,7.96922043,7.625,1.75,17.375,6.385045922,818.7359619
Golden4F02,IMup.a,Colville,2015,adult,AG,Itk,SNP_Selection,68.556594,-149.574373,noncoast,above,up,0,0,9.29469086,9,2,16,7.116192372,805.6446533
Golden4F03,IMup.a,Colville,2016,adult,AG,Itk,SNP_Selection,68.556594,-149.574373,noncoast,above,up,0,0,9.29469086,9,2,16,7.116192372,805.6446533
Golden4F04,IMup.a,Colville,2016,adult,AG,Itk,SNP_Selection,68.556594,-149.574373,noncoast,above,up,0,0,9.29469086,9,2,16,7.116192372,805.6446533
Golden4F05,IMlow.a,Colville,2016,adult,AG,Itk,SNP_Selection,68.605367,-149.736093,noncoast,below,down,13.1,13.1,8.458291331,8.125,1.125,15.75,7.647271623,650.1299438
Golden4F06,IMlow.a,Colville,2016,adult,AG,Itk,SNP_Selection,68.605367,-149.736093,noncoast,below,down,13.1,13.1,8.458291331,8.125,1.125,15.75,7.647271623,650.1299438
Golden4F07,LL3.a,Colville,2012,adult,AG,Itk,SNP_Selection,68.623432,-149.792559,noncoast,below,down,,,8.458291331,8.125,1.125,15.75,7.647271623,625.1610107
Golden4F08,IM3.a,Colville,2015,adult,AG,Itk,SNP_Selection,68.62373,-149.7778,noncoast,below,down,16.2,16.2,8.458291331,8.125,1.125,15.75,7.647271623,621.9934692
Golden4F09,IM3.a,Colville,2015,adult,AG,Itk,SNP_Selection,68.62373,-149.7778,noncoast,below,down,16.2,16.2,8.458291331,8.125,1.125,15.75,7.647271623,621.9934692
Golden4G01,LSagTC,Sagavanirktok,2017,yoy,AG,TC,LandscapeGenomics,69.95223,-148.60872,coast,coast,lower,,,8.794444444,8.25,0.25,19,14.07453381,64.2239532
Golden4G10,Kup.a,Kuparuk,2011,adult,AG,Kup,SNP_Selection,68.53717,-149.248205,noncoast,above,up,0,0,7.96922043,7.625,1.75,17.375,6.385045922,887.5990601
Golden4G11,Kup.a,Kuparuk,2011,adult,AG,Kup,SNP_Selection,68.53717,-149.248205,noncoast,above,up,0,0,7.96922043,7.625,1.75,17.375,6.385045922,887.5990601
Golden4G12,Kup.a,Kuparuk,2012,adult,AG,Kup,SNP_Selection,68.57208,-149.34697,noncoast,above,up,,,7.96922043,7.625,1.75,17.375,6.385045922,818.7359619
Golden4G02,IMup.a,Colville,2015,adult,AG,Itk,SNP_Selection,68.556594,-149.574373,noncoast,above,up,0,0,9.29469086,9,2,16,7.116192372,805.6446533
Golden4G03,IMup.a,Colville,2016,adult,AG,Itk,SNP_Selection,68.556594,-149.574373,noncoast,above,up,0,0,9.29469086,9,2,16,7.116192372,805.6446533
Golden4G04,IMup.a,Colville,2016,adult,AG,Itk,SNP_Selection,68.556594,-149.574373,noncoast,above,up,0,0,9.29469086,9,2,16,7.116192372,805.6446533
Golden4G05,IMlow.a,Colville,2016,adult,AG,Itk,SNP_Selection,68.605367,-149.736093,noncoast,below,down,13.1,13.1,8.458291331,8.125,1.125,15.75,7.647271623,650.1299438
Golden4G06,IMlow.a,Colville,2016,adult,AG,Itk,SNP_Selection,68.605367,-149.736093,noncoast,below,down,13.1,13.1,8.458291331,8.125,1.125,15.75,7.647271623,650.1299438
Golden4G07,LL3.a,Colville,2012,adult,AG,Itk,SNP_Selection,68.623432,-149.792559,noncoast,below,down,,,8.458291331,8.125,1.125,15.75,7.647271623,625.1610107
Golden4G08,IM3.a,Colville,2015,adult,AG,Itk,SNP_Selection,68.62373,-149.7778,noncoast,below,down,16.2,16.2,8.458291331,8.125,1.125,15.75,7.647271623,621.9934692
Golden4G09,IM3.a,Colville,2015,adult,AG,Itk,SNP_Selection,68.62373,-149.7778,noncoast,below,down,16.2,16.2,8.458291331,8.125,1.125,15.75,7.647271623,621.9934692
Golden4H01,LSagTC,Sagavanirktok,2017,yoy,AG,TC,LandscapeGenomics,69.9519,-148.60873,coast,coast,lower,,,8.794444444,8.25,0.25,19,14.07453381,61.8187675
Golden4H10,Kup.a,Kuparuk,2011,adult,AG,Kup,SNP_Selection,68.53717,-149.248205,noncoast,above,up,0,0,7.96922043,7.625,1.75,17.375,6.385045922,887.5990601
Golden4H11,Kup.a,Kuparuk,2010,adult,AG,Kup,SNP_Selection,68.53717,-149.248205,noncoast,above,up,0,21.7,7.96922043,7.625,1.75,17.375,6.385045922,887.5990601
Golden4H12,Kup.a,Kuparuk,2012,adult,AG,Kup,SNP_Selection,68.57208,-149.34697,noncoast,above,up,,,7.96922043,7.625,1.75,17.375,6.385045922,818.7359619
Golden4H02,IMup.a,Colville,2015,adult,AG,Itk,SNP_Selection,68.556594,-149.574373,noncoast,above,up,0,0,9.29469086,9,2,16,7.116192372,805.6446533
Golden4H03,IMup.a,Colville,2016,adult,AG,Itk,SNP_Selection,68.556594,-149.574373,noncoast,above,up,0,0,9.29469086,9,2,16,7.116192372,805.6446533
Golden4H04,IMlow.a,Colville,2016,adult,AG,Itk,SNP_Selection,68.605367,-149.736093,noncoast,below,down,13.1,13.1,8.458291331,8.125,1.125,15.75,7.647271623,650.1299438
Golden4H05,IMlow.a,Colville,2016,adult,AG,Itk,SNP_Selection,68.605367,-149.736093,noncoast,below,down,13.1,13.1,8.458291331,8.125,1.125,15.75,7.647271623,650.1299438
Golden4H06,IMlow.a,Colville,2016,adult,AG,Itk,SNP_Selection,68.605367,-149.736093,noncoast,below,down,13.1,13.1,8.458291331,8.125,1.125,15.75,7.647271623,650.1299438
Golden4H07,LL3.a,Colville,2012,adult,AG,Itk,SNP_Selection,68.623432,-149.792559,noncoast,below,down,,,8.458291331,8.125,1.125,15.75,7.647271623,625.1610107
Golden4H08,IM3.a,Colville,2015,adult,AG,Itk,SNP_Selection,68.62373,-149.7778,noncoast,below,down,16.2,16.2,8.458291331,8.125,1.125,15.75,7.647271623,621.9934692
Golden4H09,Kup.a,Kuparuk,2011,adult,AG,Kup,SNP_Selection,68.53717,-149.248205,noncoast,above,up,,,7.96922043,7.625,1.75,17.375,6.385045922,887.5990601
Golden5A01,Kup.a,Kuparuk,2012,adult,AG,Kup,SNP_Selection,68.57208,-149.34697,noncoast,above,up,,,7.96922043,7.625,1.75,17.375,6.385045922,818.7359619
Golden5A10,OksSag.a,Sagavanirktok,2016,adult,AG,Oks,SNP_Selection,68.86308,-148.84487,noncoast,below,down,,,2.805611559,2.625,1.875,5.125,0.415161099,412.9898071
Golden5A11,OksSag.a,Sagavanirktok,2016,adult,AG,Oks,SNP_Selection,68.86308,-148.84487,noncoast,below,down,,,2.805611559,2.625,1.875,5.125,0.415161099,412.9898071
Golden5A12,OksSag.a,Sagavanirktok,2012,adult,AG,Sag,SNP_Selection,68.866114,-148.838931,coast,coast,lower,,,8.794444444,8.25,0.25,19,14.07453381,409
Golden5A02,Kup.a,Kuparuk,2012,adult,AG,Kup,SNP_Selection,68.57208,-149.34697,noncoast,above,up,,,7.96922043,7.625,1.75,17.375,6.385045922,818.7359619
Golden5A03,Kup.a,Kuparuk,2010,adult,AG,Kup,SNP_Selection,68.644798,-149.403978,noncoast,above,down,0,18.4,7.726666667,7.375,0.5,18.5,9.492294216,740.3602295
Golden5A04,Lkup.a,Kuparuk,2012,adult,AG,Kup,SNP_Selection,68.99595,-149.75283,noncoast,below,down,,,7.726666667,7.375,0.5,18.5,9.492294216,389.1356812
Golden5A05,Kup.a,Kuparuk,2010,adult,AG,Kup,SNP_Selection,68.99595,-149.75283,noncoast,above,down,18.4,18.4,7.726666667,7.375,0.5,18.5,9.492294216,389.1356812
Golden5A06,OksHW.a,Sagavanirktok,2014,adult,AG,Oks,SNP_Selection,68.605671,-149.198055,noncoast,above,up,,,10.44864286,10.625,1.25,20.75,12.45157584,858.2000122
Golden5A07,OksHW.a,Sagavanirktok,2015,adult,AG,Oks,SNP_Selection,68.613991,-149.198929,noncoast,above,up,1.2,1.2,10.44864286,10.625,1.25,20.75,12.45157584,850.7001953
Golden5A08,OksHW.a,Sagavanirktok,2015,adult,AG,Oks,SNP_Selection,68.613991,-149.198929,noncoast,above,up,1.2,1.2,10.44864286,10.625,1.25,20.75,12.45157584,850.7001953
Golden5A09,OksSag.a,Sagavanirktok,2016,adult,AG,Oks,SNP_Selection,68.86308,-148.84487,noncoast,below,down,,,2.805611559,2.625,1.875,5.125,0.415161099,412.9898071
Golden5B01,Kup.a,Kuparuk,2012,adult,AG,Kup,SNP_Selection,68.57208,-149.34697,noncoast,above,up,,,7.96922043,7.625,1.75,17.375,6.385045922,818.7359619
Golden5B10,OksSag.a,Sagavanirktok,2016,adult,AG,Oks,SNP_Selection,68.86308,-148.84487,noncoast,below,down,,,2.805611559,2.625,1.875,5.125,0.415161099,412.9898071
Golden5B11,OksSag.a,Sagavanirktok,2016,adult,AG,Oks,SNP_Selection,68.86308,-148.84487,noncoast,below,down,,,2.805611559,2.625,1.875,5.125,0.415161099,412.9898071
Golden5B12,OksSag.a,Sagavanirktok,2012,adult,AG,Sag,SNP_Selection,68.866114,-148.838931,coast,coast,lower,,,8.794444444,8.25,0.25,19,14.07453381,409
Golden5B02,Kup.a,Kuparuk,2012,adult,AG,Kup,SNP_Selection,68.57208,-149.34697,noncoast,above,up,,,7.96922043,7.625,1.75,17.375,6.385045922,818.7359619
Golden5B03,Kup.a,Kuparuk,2010,adult,AG,Kup,SNP_Selection,68.644798,-149.403978,noncoast,above,down,18.4,18.4,7.726666667,7.375,0.5,18.5,9.492294216,740.3602295
Golden5B04,Lkup.a,Kuparuk,2012,adult,AG,Kup,SNP_Selection,68.99595,-149.75283,noncoast,below,down,,,7.726666667,7.375,0.5,18.5,9.492294216,389.1356812
Golden5B05,Kup.a,Kuparuk,2010,adult,AG,Kup,SNP_Selection,68.99595,-149.75283,noncoast,above,down,18.4,18.4,7.726666667,7.375,0.5,18.5,9.492294216,389.1356812
Golden5B06,OksHW.a,Sagavanirktok,2014,adult,AG,Oks,SNP_Selection,68.605671,-149.198055,noncoast,above,up,,,10.44864286,10.625,1.25,20.75,12.45157584,858.2000122
Golden5B07,OksHW.a,Sagavanirktok,2015,adult,AG,Oks,SNP_Selection,68.613991,-149.198929,noncoast,above,up,1.2,1.2,10.44864286,10.625,1.25,20.75,12.45157584,850.7001953
Golden5B08,OksHW.a,Sagavanirktok,2015,adult,AG,Oks,SNP_Selection,68.613991,-149.198929,noncoast,above,up,1.2,1.2,10.44864286,10.625,1.25,20.75,12.45157584,850.7001953
Golden5B09,OksSag.a,Sagavanirktok,2016,adult,AG,Oks,SNP_Selection,68.86308,-148.84487,noncoast,below,down,,,2.805611559,2.625,1.875,5.125,0.415161099,412.9898071
Golden5C01,Kup.a,Kuparuk,2012,adult,AG,Kup,SNP_Selection,68.57208,-149.34697,noncoast,above,up,7,18.4,7.96922043,7.625,1.75,17.375,6.385045922,818.7359619
Golden5C10,OksSag.a,Sagavanirktok,2016,adult,AG,Oks,SNP_Selection,68.86308,-148.84487,noncoast,below,down,,,2.805611559,2.625,1.875,5.125,0.415161099,412.9898071
Golden5C11,OksSag.a,Sagavanirktok,2012,adult,AG,Sag,SNP_Selection,68.866114,-148.838931,coast,coast,lower,,,8.794444444,8.25,0.25,19,14.07453381,409
Golden5C12,OksSag.a,Sagavanirktok,2012,adult,AG,Sag,SNP_Selection,68.866114,-148.838931,coast,coast,lower,,,8.794444444,8.25,0.25,19,14.07453381,409
Golden5C02,Kup.a,Kuparuk,2012,adult,AG,Kup,SNP_Selection,68.57208,-149.34697,noncoast,above,up,,,7.96922043,7.625,1.75,17.375,6.385045922,818.7359619
Golden5C03,Kup.a,Kuparuk,2010,adult,AG,Kup,SNP_Selection,68.644798,-149.403978,noncoast,above,down,18.4,18.4,7.726666667,7.375,0.5,18.5,9.492294216,740.3602295
Golden5C04,Lkup.a,Kuparuk,2012,adult,AG,Kup,SNP_Selection,68.99595,-149.75283,noncoast,below,down,,,7.726666667,7.375,0.5,18.5,9.492294216,389.1356812
Golden5C05,Kup.a,Kuparuk,2010,adult,AG,Kup,SNP_Selection,68.99595,-149.75283,noncoast,above,down,0,18.4,7.726666667,7.375,0.5,18.5,9.492294216,389.1356812
Golden5C06,OksHW.a,Sagavanirktok,2014,adult,AG,Oks,SNP_Selection,68.605671,-149.198055,noncoast,above,up,,,10.44864286,10.625,1.25,20.75,12.45157584,858.2000122
Golden5C07,OksHW.a,Sagavanirktok,2015,adult,AG,Oks,SNP_Selection,68.613991,-149.198929,noncoast,above,up,1.2,1.2,10.44864286,10.625,1.25,20.75,12.45157584,850.7001953
Golden5C08,OksHW.a,Sagavanirktok,2015,adult,AG,Oks,SNP_Selection,68.613991,-149.198929,noncoast,above,up,1.2,1.2,10.44864286,10.625,1.25,20.75,12.45157584,850.7001953
Golden5C09,OksSag.a,Sagavanirktok,2016,adult,AG,Oks,SNP_Selection,68.86308,-148.84487,noncoast,below,down,,,2.805611559,2.625,1.875,5.125,0.415161099,412.9898071
Golden5D01,Kup.a,Kuparuk,2012,adult,AG,Kup,SNP_Selection,68.57208,-149.34697,noncoast,above,up,,,7.96922043,7.625,1.75,17.375,6.385045922,818.7359619
Golden5D10,OksSag.a,Sagavanirktok,2016,adult,AG,Oks,SNP_Selection,68.86308,-148.84487,noncoast,below,down,,,2.805611559,2.625,1.875,5.125,0.415161099,412.9898071
Golden5D11,OksSag.a,Sagavanirktok,2012,adult,AG,Sag,SNP_Selection,68.866114,-148.838931,coast,coast,lower,,,8.794444444,8.25,0.25,19,14.07453381,409
Golden5D12,Kup.a,Kuparuk,2011,adult,AG,Kup,SNP_Selection,68.62877,-149.62448,noncoast,above,up,63.7,63.7,7.96922043,7.625,1.75,17.375,6.385045922,716.5
Golden5D02,Kup.a,Kuparuk,2012,adult,AG,Kup,SNP_Selection,68.57208,-149.34697,noncoast,above,up,7,21.7,7.96922043,7.625,1.75,17.375,6.385045922,818.7359619
Golden5D03,Kup.a,Kuparuk,2010,adult,AG,Kup,SNP_Selection,68.644798,-149.403978,noncoast,above,down,18.4,18.4,7.726666667,7.375,0.5,18.5,9.492294216,740.3602295
Golden5D04,Lkup.a,Kuparuk,2012,adult,AG,Kup,SNP_Selection,68.99595,-149.75283,noncoast,below,down,,,7.726666667,7.375,0.5,18.5,9.492294216,389.1356812
Golden5D05,OksHW.a,Sagavanirktok,2014,adult,AG,Oks,SNP_Selection,68.605671,-149.198055,noncoast,above,up,,,10.44864286,10.625,1.25,20.75,12.45157584,858.2000122
Golden5D06,OksHW.a,Sagavanirktok,2014,adult,AG,Oks,SNP_Selection,68.605671,-149.198055,noncoast,above,up,,,10.44864286,10.625,1.25,20.75,12.45157584,858.2000122
Golden5D07,OksHW.a,Sagavanirktok,2015,adult,AG,Oks,SNP_Selection,68.613991,-149.198929,noncoast,above,up,,,10.44864286,10.625,1.25,20.75,12.45157584,850.7001953
Golden5D08,OksSag.a,Sagavanirktok,2011,adult,AG,Oks,SNP_Selection,68.764232,-148.904292,noncoast,above,down,28.3,28.3,2.805611559,2.625,1.875,5.125,0.415161099,505.0290833
Golden5D09,OksSag.a,Sagavanirktok,2016,adult,AG,Oks,SNP_Selection,68.86308,-148.84487,noncoast,below,down,,,2.805611559,2.625,1.875,5.125,0.415161099,412.9898071
Golden5E01,Kup.a,Kuparuk,2012,adult,AG,Kup,SNP_Selection,68.57208,-149.34697,noncoast,above,up,,,7.96922043,7.625,1.75,17.375,6.385045922,818.7359619
Golden5E10,OksSag.a,Sagavanirktok,2016,adult,AG,Oks,SNP_Selection,68.86308,-148.84487,noncoast,below,down,,,2.805611559,2.625,1.875,5.125,0.415161099,412.9898071
Golden5E11,OksSag.a,Sagavanirktok,2012,adult,AG,Sag,SNP_Selection,68.866114,-148.838931,coast,coast,lower,,,8.794444444,8.25,0.25,19,14.07453381,409
Golden5E12,Kup.a,Kuparuk,2015,adult,AG,Kup,SNP_Selection,68.734727,-149.639792,noncoast,above,down,0,50.3,7.726666667,7.375,0.5,18.5,9.492294216,614.5
Golden5E02,Kup.a,Kuparuk,2012,adult,AG,Kup,SNP_Selection,68.57208,-149.34697,noncoast,above,up,,,7.96922043,7.625,1.75,17.375,6.385045922,818.7359619
Golden5E03,Kup.a,Kuparuk,2010,adult,AG,Kup,SNP_Selection,68.644798,-149.403978,noncoast,above,down,,,7.726666667,7.375,0.5,18.5,9.492294216,740.3602295
Golden5E04,Lkup.a,Kuparuk,2012,adult,AG,Kup,SNP_Selection,68.99595,-149.75283,noncoast,below,down,,,7.726666667,7.375,0.5,18.5,9.492294216,389.1356812
Golden5E05,OksHW.a,Sagavanirktok,2014,adult,AG,Oks,SNP_Selection,68.605671,-149.198055,noncoast,above,up,,,10.44864286,10.625,1.25,20.75,12.45157584,858.2000122
Golden5E06,OksHW.a,Sagavanirktok,2014,adult,AG,Oks,SNP_Selection,68.605671,-149.198055,noncoast,above,up,,,10.44864286,10.625,1.25,20.75,12.45157584,858.2000122
Golden5E07,OksHW.a,Sagavanirktok,2015,adult,AG,Oks,SNP_Selection,68.613991,-149.198929,noncoast,above,up,1.2,1.2,10.44864286,10.625,1.25,20.75,12.45157584,850.7001953
Golden5E08,OksSag.a,Sagavanirktok,2016,adult,AG,Oks,SNP_Selection,68.86308,-148.84487,noncoast,below,down,,,2.805611559,2.625,1.875,5.125,0.415161099,412.9898071
Golden5E09,OksSag.a,Sagavanirktok,2016,adult,AG,Oks,SNP_Selection,68.86308,-148.84487,noncoast,below,down,,,2.805611559,2.625,1.875,5.125,0.415161099,412.9898071
Golden5F01,Kup.a,Kuparuk,2012,adult,AG,Kup,SNP_Selection,68.57208,-149.34697,noncoast,above,up,,,7.96922043,7.625,1.75,17.375,6.385045922,818.7359619
Golden5F10,OksSag.a,Sagavanirktok,2016,adult,AG,Oks,SNP_Selection,68.86308,-148.84487,noncoast,below,down,,,2.805611559,2.625,1.875,5.125,0.415161099,412.9898071
Golden5F11,OksSag.a,Sagavanirktok,2012,adult,AG,Sag,SNP_Selection,68.866114,-148.838931,coast,coast,lower,,,8.794444444,8.25,0.25,19,14.07453381,409
Golden5H12,Kup.a,Kuparuk,2017,adult,AG,CGK,CommonGarden,68.53722,-149.24829,noncoast,above,up,,,7.96922043,7.625,1.75,17.375,6.385045922,887.5990601
Golden5F02,Kup.a,Kuparuk,2012,adult,AG,Kup,SNP_Selection,68.57208,-149.34697,noncoast,above,up,7,21.7,7.96922043,7.625,1.75,17.375,6.385045922,818.7359619
Golden5F03,Lkup.a,Kuparuk,2012,adult,AG,Kup,SNP_Selection,68.99595,-149.75283,noncoast,below,down,0,0,7.726666667,7.375,0.5,18.5,9.492294216,389.1356812
Golden5F04,Lkup.a,Kuparuk,2012,adult,AG,Kup,SNP_Selection,68.99595,-149.75283,noncoast,below,down,,,7.726666667,7.375,0.5,18.5,9.492294216,389.1356812
Golden5F05,OksHW.a,Sagavanirktok,2014,adult,AG,Oks,SNP_Selection,68.605671,-149.198055,noncoast,above,up,,,10.44864286,10.625,1.25,20.75,12.45157584,858.2000122
Golden5F06,OksHW.a,Sagavanirktok,2014,adult,AG,Oks,SNP_Selection,68.605671,-149.198055,noncoast,above,up,0,0,10.44864286,10.625,1.25,20.75,12.45157584,858.2000122
Golden5F07,OksHW.a,Sagavanirktok,2015,adult,AG,Oks,SNP_Selection,68.613991,-149.198929,noncoast,above,up,1.2,1.2,10.44864286,10.625,1.25,20.75,12.45157584,850.7001953
Golden5F08,OksSag.a,Sagavanirktok,2016,adult,AG,Oks,SNP_Selection,68.86308,-148.84487,noncoast,below,down,,,2.805611559,2.625,1.875,5.125,0.415161099,412.9898071
Golden5F09,OksSag.a,Sagavanirktok,2016,adult,AG,Oks,SNP_Selection,68.86308,-148.84487,noncoast,below,down,,,2.805611559,2.625,1.875,5.125,0.415161099,412.9898071
Golden5G01,Kup.a,Kuparuk,2012,adult,AG,Kup,SNP_Selection,68.57208,-149.34697,noncoast,above,up,,,7.96922043,7.625,1.75,17.375,6.385045922,818.7359619
Golden5G10,OksSag.a,Sagavanirktok,2016,adult,AG,Oks,SNP_Selection,68.86308,-148.84487,noncoast,below,down,,,2.805611559,2.625,1.875,5.125,0.415161099,412.9898071
Golden5G11,OksSag.a,Sagavanirktok,2012,adult,AG,Sag,SNP_Selection,68.866114,-148.838931,coast,coast,lower,,,8.794444444,8.25,0.25,19,14.07453381,409
Golden5F12,Kup.a,Kuparuk,2017,adult,AG,CGK,CommonGarden,68.53722,-149.24829,noncoast,above,up,,,7.96922043,7.625,1.75,17.375,6.385045922,887.5990601
Golden5G02,Kup.a,Kuparuk,2012,adult,AG,Kup,SNP_Selection,68.57208,-149.34697,noncoast,above,up,,,7.96922043,7.625,1.75,17.375,6.385045922,818.7359619
Golden5G03,Lkup.a,Kuparuk,2012,adult,AG,Kup,SNP_Selection,68.99595,-149.75283,noncoast,below,down,0,0,7.726666667,7.375,0.5,18.5,9.492294216,389.1356812
Golden5G04,Lkup.a,Kuparuk,2012,adult,AG,Kup,SNP_Selection,68.99595,-149.75283,noncoast,below,down,,,7.726666667,7.375,0.5,18.5,9.492294216,389.1356812
Golden5G05,OksHW.a,Sagavanirktok,2014,adult,AG,Oks,SNP_Selection,68.605671,-149.198055,noncoast,above,up,,,10.44864286,10.625,1.25,20.75,12.45157584,858.2000122
Golden5G06,OksHW.a,Sagavanirktok,2014,adult,AG,Oks,SNP_Selection,68.605671,-149.198055,noncoast,above,up,0,1.2,10.44864286,10.625,1.25,20.75,12.45157584,858.2000122
Golden5G07,OksHW.a,Sagavanirktok,2015,adult,AG,Oks,SNP_Selection,68.613991,-149.198929,noncoast,above,up,1.2,21.7,10.44864286,10.625,1.25,20.75,12.45157584,850.7001953
Golden5G08,OksSag.a,Sagavanirktok,2016,adult,AG,Oks,SNP_Selection,68.86308,-148.84487,noncoast,below,down,,,2.805611559,2.625,1.875,5.125,0.415161099,412.9898071
Golden5G09,OksSag.a,Sagavanirktok,2016,adult,AG,Oks,SNP_Selection,68.86308,-148.84487,noncoast,below,down,,,2.805611559,2.625,1.875,5.125,0.415161099,412.9898071
Golden5H01,Kup.a,Kuparuk,2012,adult,AG,Kup,SNP_Selection,68.57208,-149.34697,noncoast,above,up,,,7.96922043,7.625,1.75,17.375,6.385045922,818.7359619
Golden5H10,OksSag.a,Sagavanirktok,2016,adult,AG,Oks,SNP_Selection,68.86308,-148.84487,noncoast,below,down,,,2.805611559,2.625,1.875,5.125,0.415161099,412.9898071
Golden5H11,OksSag.a,Sagavanirktok,2012,adult,AG,Sag,SNP_Selection,68.866114,-148.838931,coast,coast,lower,,,8.794444444,8.25,0.25,19,14.07453381,409
Golden5G12,Kup.a,Kuparuk,2017,adult,AG,CGK,CommonGarden,68.53722,-149.24829,noncoast,above,up,0,21.7,7.96922043,7.625,1.75,17.375,6.385045922,887.5990601
Golden5H02,Kup.a,Kuparuk,2012,adult,AG,Kup,SNP_Selection,68.57208,-149.34697,noncoast,above,up,,,7.96922043,7.625,1.75,17.375,6.385045922,818.7359619
Golden5H03,Lkup.a,Kuparuk,2012,adult,AG,Kup,SNP_Selection,68.99595,-149.75283,noncoast,below,down,,,7.726666667,7.375,0.5,18.5,9.492294216,389.1356812
Golden5H04,Lkup.a,Kuparuk,2012,adult,AG,Kup,SNP_Selection,68.99595,-149.75283,noncoast,below,down,,,7.726666667,7.375,0.5,18.5,9.492294216,389.1356812
Golden5H05,OksHW.a,Sagavanirktok,2014,adult,AG,Oks,SNP_Selection,68.605671,-149.198055,noncoast,above,up,,,10.44864286,10.625,1.25,20.75,12.45157584,858.2000122
Golden5H06,OksHW.a,Sagavanirktok,2015,adult,AG,Oks,SNP_Selection,68.613991,-149.198929,noncoast,above,up,,,10.44864286,10.625,1.25,20.75,12.45157584,850.7001953
Golden5H07,OksHW.a,Sagavanirktok,2015,adult,AG,Oks,SNP_Selection,68.613991,-149.198929,noncoast,above,up,1.2,1.2,10.44864286,10.625,1.25,20.75,12.45157584,850.7001953
Golden5H08,OksSag.a,Sagavanirktok,2016,adult,AG,Oks,SNP_Selection,68.86308,-148.84487,noncoast,below,down,,,2.805611559,2.625,1.875,5.125,0.415161099,412.9898071
Golden5H09,OksSag.a,Sagavanirktok,2016,adult,AG,Oks,SNP_Selection,68.86308,-148.84487,noncoast,below,down,,,2.805611559,2.625,1.875,5.125,0.415161099,412.9898071
Golden6A01,Kup.a,Kuparuk,2017,adult,AG,CGK,CommonGarden,68.53722,-149.24829,noncoast,above,up,0,0,7.96922043,7.625,1.75,17.375,6.385045922,887.5990601
Golden6A02,Kup.a,Kuparuk,2017,adult,AG,CGK,CommonGarden,68.53722,-149.24829,noncoast,above,up,0,0,7.96922043,7.625,1.75,17.375,6.385045922,887.5990601
Golden6A03,Kup.a,Kuparuk,2017,adult,AG,CGK,CommonGarden,68.53722,-149.24829,noncoast,above,up,0,21.7,7.96922043,7.625,1.75,17.375,6.385045922,887.5990601
Golden6A04,OksSag.a,Sagavanirktok,2017,adult,AG,CGO3,CommonGarden,68.863389,-148.845022,noncoast,below,down,,,2.805611559,2.625,1.875,5.125,0.415161099,413.3477478
Golden6B01,Kup.a,Kuparuk,2017,adult,AG,CGK,CommonGarden,68.53722,-149.24829,noncoast,above,up,0,0,7.96922043,7.625,1.75,17.375,6.385045922,887.5990601
Golden6B02,Kup.a,Kuparuk,2017,adult,AG,CGK,CommonGarden,68.53722,-149.24829,noncoast,above,up,0,0,7.96922043,7.625,1.75,17.375,6.385045922,887.5990601
Golden6B03,Kup.a,Kuparuk,2017,adult,AG,CGK,CommonGarden,68.53722,-149.24829,noncoast,above,up,0,21.7,7.96922043,7.625,1.75,17.375,6.385045922,887.5990601
Golden6B04,OksSag.a,Sagavanirktok,2017,adult,AG,CGO3,CommonGarden,68.863389,-148.845022,noncoast,below,down,,,2.805611559,2.625,1.875,5.125,0.415161099,413.3477478
Golden6C01,Kup.a,Kuparuk,2017,adult,AG,CGK,CommonGarden,68.53722,-149.24829,noncoast,above,up,0,21.7,7.96922043,7.625,1.75,17.375,6.385045922,887.5990601
Golden6C02,Kup.a,Kuparuk,2017,adult,AG,CGK,CommonGarden,68.53722,-149.24829,noncoast,above,up,0,21.7,7.96922043,7.625,1.75,17.375,6.385045922,887.5990601
Golden6C03,Kup.a,Kuparuk,2017,adult,AG,CGK,CommonGarden,68.53722,-149.24829,noncoast,above,up,0,21.7,7.96922043,7.625,1.75,17.375,6.385045922,887.5990601
Golden6C04,OksSag.a,Sagavanirktok,2017,adult,AG,CGO3,CommonGarden,68.863389,-148.845022,noncoast,below,down,,,2.805611559,2.625,1.875,5.125,0.415161099,413.3477478
Golden6D01,Kup.a,Kuparuk,2017,adult,AG,CGK,CommonGarden,68.53722,-149.24829,noncoast,above,up,0,0,7.96922043,7.625,1.75,17.375,6.385045922,887.5990601
Golden6D02,Kup.a,Kuparuk,2017,adult,AG,CGK,CommonGarden,68.53722,-149.24829,noncoast,above,up,0,21.7,7.96922043,7.625,1.75,17.375,6.385045922,887.5990601
Golden6D03,Kup.a,Kuparuk,2017,adult,AG,CGK,CommonGarden,68.53722,-149.24829,noncoast,above,up,0,0,7.96922043,7.625,1.75,17.375,6.385045922,887.5990601
Golden6D04,OksSag.a,Sagavanirktok,2017,adult,AG,CGO3,CommonGarden,68.863389,-148.845022,noncoast,below,down,,,2.805611559,2.625,1.875,5.125,0.415161099,413.3477478
Golden6E01,Kup.a,Kuparuk,2017,adult,AG,CGK,CommonGarden,68.53722,-149.24829,noncoast,above,up,0,21.7,7.96922043,7.625,1.75,17.375,6.385045922,887.5990601
Golden6E02,Kup.a,Kuparuk,2017,adult,AG,CGK,CommonGarden,68.53722,-149.24829,noncoast,above,up,0,0,7.96922043,7.625,1.75,17.375,6.385045922,887.5990601
Golden6E03,Kup.a,Kuparuk,2017,adult,AG,CGK,CommonGarden,68.53722,-149.24829,noncoast,above,up,0,21.7,7.96922043,7.625,1.75,17.375,6.385045922,887.5990601
Golden6E04,OksSag.a,Sagavanirktok,2017,adult,AG,CGO3,CommonGarden,68.863389,-148.845022,noncoast,below,down,,,2.805611559,2.625,1.875,5.125,0.415161099,413.3477478
Golden6F01,Kup.a,Kuparuk,2017,adult,AG,CGK,CommonGarden,68.53722,-149.24829,noncoast,above,up,0,21.7,7.96922043,7.625,1.75,17.375,6.385045922,887.5990601
Golden6F02,Kup.a,Kuparuk,2017,adult,AG,CGK,CommonGarden,68.53722,-149.24829,noncoast,above,up,0,0,7.96922043,7.625,1.75,17.375,6.385045922,887.5990601
Golden6F03,OksSag.a,Sagavanirktok,2017,adult,AG,CGO3,CommonGarden,68.863389,-148.845022,noncoast,below,down,,,2.805611559,2.625,1.875,5.125,0.415161099,413.3477478
Golden6F04,OksSag.a,Sagavanirktok,2017,adult,AG,CGO3,CommonGarden,68.863389,-148.845022,noncoast,below,down,,,2.805611559,2.625,1.875,5.125,0.415161099,413.3477478
Golden6G01,Kup.a,Kuparuk,2017,adult,AG,CGK,CommonGarden,68.53722,-149.24829,noncoast,above,up,,,7.96922043,7.625,1.75,17.375,6.385045922,887.5990601
Golden6G02,Kup.a,Kuparuk,2017,adult,AG,CGK,CommonGarden,68.53722,-149.24829,noncoast,above,up,0,21.7,7.96922043,7.625,1.75,17.375,6.385045922,887.5990601
Golden6G03,OksSag.a,Sagavanirktok,2017,adult,AG,CGO3,CommonGarden,68.863389,-148.845022,noncoast,below,down,,,2.805611559,2.625,1.875,5.125,0.415161099,413.3477478
Golden6H01,Kup.a,Kuparuk,2017,adult,AG,CGK,CommonGarden,68.53722,-149.24829,noncoast,above,up,0,0,7.96922043,7.625,1.75,17.375,6.385045922,887.5990601
Golden6H02,Kup.a,Kuparuk,2017,adult,AG,CGK,CommonGarden,68.53722,-149.24829,noncoast,above,up,0,21.7,7.96922043,7.625,1.75,17.375,6.385045922,887.5990601
Golden6H03,OksSag.a,Sagavanirktok,2017,adult,AG,CGO3,CommonGarden,68.863389,-148.845022,noncoast,below,down,,,2.805611559,2.625,1.875,5.125,0.415161099,413.3477478
